id,title_ar,title_ku,image_url,link,sort_order,is_active,created_at,slot_key,vendor_id,subtitle_ar,subtitle_ku,cta_ar,cta_ku,bg_color,text_color,starts_at,ends_at
93024232-9a17-421e-8d50-d6528bba8607,"","",https://static.vecteezy.com/system/resources/thumbnails/012/820/395/small/dentist-dental-care-dental-clinic-whitening-banner-vector.jpg,,0,t,2026-08-20 14:45:46.883051+00,cart,,,,,,"linear-gradient(135deg,#0b4f9c,#22a7f0)",#ffffff,,
4d3a082d-81f6-4310-a390-0b3715597854,"","",https://encrypted-tbn0.gstatic.com/images?q=tbn:ANd9GcTgS1MRThDeefAcqdX2lCuJujp62OnwY4wA4nZDPlFMew&s=10,,0,t,2026-08-20 15:03:37.984546+00,home_hero,,,,,,"linear-gradient(135deg,#0b4f9c,#22a7f0)",#ffffff,,
a2a4ff14-4ea1-467a-9ef8-8a5bf03e2452,"","",https://encrypted-tbn0.gstatic.com/images?q=tbn:ANd9GcTgS1MRThDeefAcqdX2lCuJujp62OnwY4wA4nZDPlFMew&s=10,,0,t,2026-08-20 15:05:18.131435+00,home_below_hero,,,,,,"linear-gradient(135deg,#0b4f9c,#22a7f0)",#ffffff,,
e94d3b9c-ae75-4359-bba5-5e8e5c582ffa,"","",https://t4.ftcdn.net/jpg/04/12/80/99/360_F_412809935_keZbtdRiVYWqqtPx0Jz3L8t3ZaAEIDys.jpg,,0,t,2026-08-20 15:06:10.139716+00,home_below_hero,,,,,,"linear-gradient(135deg,#0b4f9c,#22a7f0)",#ffffff,,
e3c84a21-3f41-4d7b-951c-ae55eb7fd7a7,"","",https://dentemclinic.com/wp-content/uploads/2024/08/Dentem_Why-Choose-Us_update-01-scaled.jpg,,0,t,2026-08-20 17:07:31.494348+00,home_hero,5581377c-f475-42e6-a8ce-89e64a1c95ba,,,,,"linear-gradient(135deg,#0b4f9c,#22a7f0)",#ffffff,2026-08-20 17:07:00+00,
2d80d82e-8334-4f59-9c9e-92dbd133ac7d,جودة يابانية,کوالیتی ژاپۆنی,/images/banner-dental-1.jpg,/vendor/tokuyama-center-70a07f,3,t,2026-08-20 17:25:03.832117+00,product_page,70a07ff3-7043-4af4-a786-ceaff0562092,منتجات توكوياما المعتمدة,بەرهەمەکانی تۆکویامای پەسەندکراو,اعرف أكثر,زیاتر بزانە,"linear-gradient(135deg,#046b5c,#3fd0a8)",#ffffff,,
73f0562a-858e-4409-ad92-4917ccf17840,توكوياما للحشوات,تۆکویاما بۆ پڕکردنەوە,/images/banner-dental-2.jpg,/vendor/tokuyama-center-70a07f,1,t,2026-08-20 17:25:03.832117+00,home_mid,70a07ff3-7043-4af4-a786-ceaff0562092,أسعار جملة خاصة,نرخی کۆمەڵەی تایبەت,تسوق,بکڕە,"linear-gradient(135deg,#9d174d,#fb7185)",#ffffff,,
85ae83e7-956c-49f2-a480-63686915c4de,عرض الأسبوع,ئۆفەری هەفتە,/images/banner-dental-3.jpg,/vendor/tokuyama-center-70a07f,2,t,2026-08-20 17:25:03.832117+00,offers_page,70a07ff3-7043-4af4-a786-ceaff0562092,وفر أكثر عند شراء 5 قطع,زیاتر پاشەکەوت بکە بە ٥ دانە,شاهد العرض,ئۆفەر ببینە,"linear-gradient(135deg,#b45309,#fbbf24)",#1a1206,,
0b875a88-49f9-4218-889a-53350de21dd2,أعد الطلب بسهولة,بە ئاسانی دووبارە داوا بکە,/images/banner-dental-1.jpg,/vendor/bisco-supply-7d68f8,6,t,2026-08-20 17:25:03.832117+00,orders_page,7d68f829-9d61-47c4-a843-220357f43486,منتجات بيسكو الأكثر مبيعاً,فرۆشترین بەرهەمی بیسکۆ,تسوق,بکڕە,"linear-gradient(135deg,#0b4f9c,#22a7f0)",#ffffff,,
ba123ee6-4ba6-4291-8657-a55ce2108bbc,بيسكو لمواد اللصق,بیسکۆ بۆ ماددەی نووساندن,/images/banner-dental-2.jpg,/vendor/bisco-supply-7d68f8,4,t,2026-08-20 17:25:03.832117+00,home_below_hero,7d68f829-9d61-47c4-a843-220357f43486,خصم 20% هذا الشهر,٢٠% داشکاندن ئەم مانگە,تسوق الآن,ئێستا بکڕە,"linear-gradient(135deg,#4c1d95,#a78bfa)",#ffffff,,
de33a415-3358-4dd1-8f8f-df5f63d11dec,بيسكو أصلي,بیسکۆی ڕەسەن,/images/banner-dental-3.jpg,/vendor/bisco-supply-7d68f8,5,t,2026-08-20 17:25:03.832117+00,home_footer,7d68f829-9d61-47c4-a843-220357f43486,ضمان وفاتورة رسمية,گەرەنتی و پسوڵەی فەرمی,تفاصيل,وردەکاری,"linear-gradient(135deg,#9a3412,#fb923c)",#ffffff,,
54207235-ebd0-47a7-9ce9-c68830279ed1,عروض GC العراق,ئۆفەرەکانی GC عێراق,/images/banner-dental-1.jpg,/vendor/gc-iraq-8c5cef,1,t,2026-08-20 17:25:03.832117+00,home_below_hero,8c5cef4e-2041-4f96-8cdd-d37b8c1b423a,خصم حتى 25% على الكومبوزيت,داشکاندن هەتا ٢٥% لەسەر کۆمپۆزیت,تسوق الآن,ئێستا بکڕە,"linear-gradient(135deg,#0b4f9c,#22a7f0)",#ffffff,,
710dfffd-ddc1-4801-b4c2-3b14dcf332fe,GC أصلي 100%,GC ١٠٠% ڕەسەن,/images/banner-dental-2.jpg,/vendor/gc-iraq-8c5cef,3,t,2026-08-20 17:25:03.832117+00,products_top,8c5cef4e-2041-4f96-8cdd-d37b8c1b423a,ضمان الوكيل المعتمد,گەرەنتی بریکاری فەرمی,تفاصيل,وردەکاری,"linear-gradient(135deg,#0f172a,#334155)",#ffffff,,
c0192bc0-66aa-4dc0-885d-41cad8fbbd72,أضف GC لسلتك,GC بۆ سەبەتەکەت زیاد بکە,/images/banner-dental-3.jpg,/vendor/gc-iraq-8c5cef,2,t,2026-08-20 17:25:03.832117+00,cart,8c5cef4e-2041-4f96-8cdd-d37b8c1b423a,توصيل مجاني للجملة,گەیاندنی خۆڕایی بۆ کۆمەڵە,اكتشف,بزانە,"linear-gradient(135deg,#134e4a,#2dd4bf)",#ffffff,,
a3531410-82d4-4775-ba13-f24be1f6ec7e,أكمل باقة 3M,پاکێجی 3M تەواو بکە,/images/banner-dental-1.jpg,/vendor/3m-dental-hub-9b7ecc,6,t,2026-08-20 17:25:03.832117+00,cart,9b7ecc92-58ea-4e1a-9b15-541739421ee5,خصم إضافي عند الباقة,داشکاندنی زیادە لەگەڵ پاکێج,أضف,زیاد بکە,"linear-gradient(135deg,#b45309,#fbbf24)",#1a1206,,
e266df72-b5a8-40a2-a2c4-b1614a0a3614,3M بأسعار الجملة,3M بە نرخی کۆمەڵە,/images/banner-dental-2.jpg,/vendor/3m-dental-hub-9b7ecc,5,t,2026-08-20 17:25:03.832117+00,products_top,9b7ecc92-58ea-4e1a-9b15-541739421ee5,كلما زادت الكمية قل السعر,بڕی زیاتر، نرخی کەمتر,شاهد الأسعار,نرخەکان ببینە,"linear-gradient(135deg,#046b5c,#3fd0a8)",#ffffff,,
fc2f3482-0627-41ec-b127-4851eeaa1a6a,3M ديلي للعيادات,3M بۆ کلینیکەکان,/images/banner-dental-3.jpg,/vendor/3m-dental-hub-9b7ecc,4,t,2026-08-20 17:25:03.832117+00,home_mid,9b7ecc92-58ea-4e1a-9b15-541739421ee5,باقات جملة موفرة,پاکێجی کۆمەڵەی گونجاو,تسوق الآن,ئێستا بکڕە,"linear-gradient(135deg,#0f172a,#334155)",#ffffff,,
528b3eee-fe5e-4be3-b874-56f9c0afaadf,توصيل لكل العراق,گەیاندن بۆ هەموو عێراق,/images/banner-dental-1.jpg,/vendor/orodeka-depot-e557cc,9,t,2026-08-20 17:25:03.832117+00,home_footer,e557cc88-e944-46eb-be3b-af73d908508e,من أوروديكا ديبو,لە ئۆرۆدیکا دیپۆ,تفاصيل,وردەکاری,"linear-gradient(135deg,#4c1d95,#a78bfa)",#ffffff,,
c795e750-e816-4de6-ab3b-2baf0d2476ca,خصم أوروديكا,داشکاندنی ئۆرۆدیکا,/images/banner-dental-2.jpg,/vendor/orodeka-depot-e557cc,8,t,2026-08-20 17:25:03.832117+00,offers_page,e557cc88-e944-46eb-be3b-af73d908508e,حتى 30% لفترة محدودة,هەتا ٣٠% بۆ ماوەیەکی کورت,شاهد العرض,ئۆفەر ببینە,"linear-gradient(135deg,#9d174d,#fb7185)",#ffffff,,
c8dc5334-53f1-4acf-aee2-e61de533dbfc,أوروديكا للأدوات,ئۆرۆدیکا بۆ ئامێرەکان,/images/banner-dental-3.jpg,/vendor/orodeka-depot-e557cc,7,t,2026-08-20 17:25:03.832117+00,home_below_hero,e557cc88-e944-46eb-be3b-af73d908508e,عروض على الأدوات اليدوية,ئۆفەر لەسەر ئامێری دەستی,تسوق الآن,ئێستا بکڕە,"linear-gradient(135deg,#134e4a,#2dd4bf)",#ffffff,,
