id,match_key,name_ar,name_ku,description_ar,description_ku,brand,sku,image_url,category_id,created_at,updated_at
d80f220d-f783-4bc9-b6d3-79ebe4f46165,3m|أسلاك تقويم 3m,أسلاك تقويم 3M,تەلی ڕێکخستن 3M,أسلاك تقويم أصلي من 3M — جودة عالية وسعر جملة.,تەلی ڕێکخستن ڕەسەن لە 3M — کوالیتی باش و نرخی کۆ.,3M,3M-1007,/images/p-ortho.jpg,ba523618-8705-4b72-aa81-52409b0c94f9,2026-08-22 04:25:05.423884+00,2026-08-22 04:25:05.423884+00
bf57b0aa-d88d-4e14-8d6c-51c80a890f68,3m|أسمنت relyx luting,أسمنت RelyX Luting,سیمێنتی RelyX Luting,"","",3M,3M-003,,e121d991-00b7-414b-9c46-7cee49ca68e4,2026-08-22 04:25:05.423884+00,2026-08-22 04:25:05.423884+00
edbc5688-2e88-4af0-ba9f-98e9cfaebbe4,3m|جهاز تعقيم 3m,جهاز تعقيم 3M,ئامێری پاککردنەوە 3M,جهاز تعقيم أصلي من 3M — جودة عالية وسعر جملة.,ئامێری پاککردنەوە ڕەسەن لە 3M — کوالیتی باش و نرخی کۆ.,3M,3M-1008,/images/p-autoclave.jpg,51cca89f-6cb4-4656-ae22-354da2f9ed55,2026-08-22 04:25:05.423884+00,2026-08-22 04:25:05.423884+00
7f2db113-0a23-469a-a0d2-e443769d9b9a,3m|سمنت زجاجي 3m,سمنت زجاجي 3M,سیمێنتی شووشەیی 3M,سمنت زجاجي أصلي من 3M — جودة عالية وسعر جملة.,سیمێنتی شووشەیی ڕەسەن لە 3M — کوالیتی باش و نرخی کۆ.,3M,3M-1001,/images/p-cement.jpg,e121d991-00b7-414b-9c46-7cee49ca68e4,2026-08-22 04:25:05.423884+00,2026-08-22 04:25:05.423884+00
9357a8c2-e318-41f6-809e-1778e3bd781c,3m|شرائط تلميع sof-lex,شرائط تلميع Sof-Lex,تەیپی سافکردنی Sof-Lex,"","",3M,3M-004,,e121d991-00b7-414b-9c46-7cee49ca68e4,2026-08-22 04:25:05.423884+00,2026-08-22 04:25:05.423884+00
2d9b3d50-8f4d-450f-9310-10f54997ab00,3m|قفازات نتريل 3m,قفازات نتريل 3M,دەستکێشی نیتریل 3M,قفازات نتريل أصلي من 3M — جودة عالية وسعر جملة.,دەستکێشی نیتریل ڕەسەن لە 3M — کوالیتی باش و نرخی کۆ.,3M,3M-1004,/images/p-gloves.jpg,fa22af05-590d-48b6-b065-7318f2e84ea7,2026-08-22 04:25:05.423884+00,2026-08-22 04:25:05.423884+00
67d23280-a185-4b20-8f88-1214c2426979,3m|كماشة خلع 3m,كماشة خلع 3M,کەلبەتانی دەرهێنان 3M,كماشة خلع أصلي من 3M — جودة عالية وسعر جملة.,کەلبەتانی دەرهێنان ڕەسەن لە 3M — کوالیتی باش و نرخی کۆ.,3M,3M-1006,/images/p-forceps.jpg,e121d991-00b7-414b-9c46-7cee49ca68e4,2026-08-22 04:25:05.423884+00,2026-08-22 04:25:05.423884+00
38f5d7da-3110-4e98-b01b-f8b809b3ff29,3m|كمامات طبية 3m,كمامات طبية 3M,دەمامکی پزیشکی 3M,كمامات طبية أصلي من 3M — جودة عالية وسعر جملة.,دەمامکی پزیشکی ڕەسەن لە 3M — کوالیتی باش و نرخی کۆ.,3M,3M-1005,/images/p-masks.jpg,9f0bd8cc-a30b-44d2-b298-76670f74723a,2026-08-22 04:25:05.423884+00,2026-08-22 04:25:05.423884+00
a6a77cdd-7635-4a63-bcc1-0d519644a63a,3m|كمبوزيت filtek z350 xt,كمبوزيت Filtek Z350 XT,کۆمپۆزیتی Filtek Z350 XT,"","",3M,3M-001,,e121d991-00b7-414b-9c46-7cee49ca68e4,2026-08-22 04:25:05.423884+00,2026-08-22 04:25:05.423884+00
d1914c42-003a-4e5e-ae71-7e3c0bb07800,3m|كومبوزيت حقنة 3m,كومبوزيت حقنة 3M,کۆمپۆزیتی سیرینج 3M,كومبوزيت حقنة أصلي من 3M — جودة عالية وسعر جملة.,کۆمپۆزیتی سیرینج ڕەسەن لە 3M — کوالیتی باش و نرخی کۆ.,3M,3M-1000,/images/p-composite.jpg,9f0bd8cc-a30b-44d2-b298-76670f74723a,2026-08-22 04:25:05.423884+00,2026-08-22 04:25:05.423884+00
410c77e6-8dfe-42e2-84fb-928376edf0dc,3m|لاصق scotchbond universal,لاصق Scotchbond Universal,بەستەری Scotchbond Universal,"","",3M,3M-002,,e121d991-00b7-414b-9c46-7cee49ca68e4,2026-08-22 04:25:05.423884+00,2026-08-22 04:25:05.423884+00
bcc9b822-cb07-4aed-8367-af484328aa61,3m|لاصق أسنان 3m,لاصق أسنان 3M,لینکی ددان 3M,لاصق أسنان أصلي من 3M — جودة عالية وسعر جملة.,لینکی ددان ڕەسەن لە 3M — کوالیتی باش و نرخی کۆ.,3M,3M-1002,/images/p-curing-light.jpg,ba523618-8705-4b72-aa81-52409b0c94f9,2026-08-22 04:25:05.423884+00,2026-08-22 04:25:05.423884+00
5fb68e29-37a1-490a-b5d3-f5ecf174029a,3m|مادة طبعات 3m,مادة طبعات 3M,کەرەستەی داغکردن 3M,مادة طبعات أصلي من 3M — جودة عالية وسعر جملة.,کەرەستەی داغکردن ڕەسەن لە 3M — کوالیتی باش و نرخی کۆ.,3M,3M-1009,/images/p-composite.jpg,fa22af05-590d-48b6-b065-7318f2e84ea7,2026-08-22 04:25:05.423884+00,2026-08-22 04:25:05.423884+00
56ed9e08-6a9b-4beb-9309-db82b45ed82c,3m|مادة طبعة imprint 4,مادة طبعة Imprint 4,مادەی وەرگرتنی Imprint 4,"","",3M,3M-005,,e121d991-00b7-414b-9c46-7cee49ca68e4,2026-08-22 04:25:05.423884+00,2026-08-22 04:25:05.423884+00
700a976c-ab8e-4cd2-8553-aec666241eee,3m|مثقب ألماسي 3m,مثقب ألماسي 3M,بۆری ئەڵماس 3M,مثقب ألماسي أصلي من 3M — جودة عالية وسعر جملة.,بۆری ئەڵماس ڕەسەن لە 3M — کوالیتی باش و نرخی کۆ.,3M,3M-1003,/images/p-instruments-set.jpg,51cca89f-6cb4-4656-ae22-354da2f9ed55,2026-08-22 04:25:05.423884+00,2026-08-22 04:25:05.423884+00
571d70b5-1f39-4f59-ae0c-7bce20acb852,bisco|core-flo dc lite,Core-Flo DC Lite,Core-Flo DC Lite,"","",BISCO,BISC-003,,e121d991-00b7-414b-9c46-7cee49ca68e4,2026-08-22 04:25:05.423884+00,2026-08-22 04:25:05.423884+00
96b52e1b-b5d7-4bd7-be28-3feeb1c90acc,bisco|porcelain bonding resin,Porcelain Bonding Resin,Porcelain Bonding Resin,"","",BISCO,BISC-004,,e121d991-00b7-414b-9c46-7cee49ca68e4,2026-08-22 04:25:05.423884+00,2026-08-22 04:25:05.423884+00
beaf2094-25ae-4e71-b762-5d0edcc98318,bisco|select hv etch جل حفر,Select HV Etch جل حفر,جێلی هەڵکۆڵینی Select HV Etch,"","",BISCO,BISC-005,,e121d991-00b7-414b-9c46-7cee49ca68e4,2026-08-22 04:25:05.423884+00,2026-08-22 04:25:05.423884+00
4b676f1f-f2d4-4804-bbc3-f4d7f48c5e67,bisco|أسلاك تقويم bisco,أسلاك تقويم Bisco,تەلی ڕێکخستن Bisco,أسلاك تقويم أصلي من Bisco — جودة عالية وسعر جملة.,تەلی ڕێکخستن ڕەسەن لە Bisco — کوالیتی باش و نرخی کۆ.,Bisco,BISCO-1007,/images/p-ortho.jpg,ba523618-8705-4b72-aa81-52409b0c94f9,2026-08-22 04:25:05.423884+00,2026-08-22 04:25:05.423884+00
f916c21a-7234-4631-b088-47d78d7e937f,bisco|أسمنت duo-link universal,أسمنت Duo-Link Universal,سیمێنتی Duo-Link Universal,"","",BISCO,BISC-002,,e121d991-00b7-414b-9c46-7cee49ca68e4,2026-08-22 04:25:05.423884+00,2026-08-22 04:25:05.423884+00
47dfffba-4c88-4506-90fe-42e97d222fee,bisco|جهاز تعقيم bisco,جهاز تعقيم Bisco,ئامێری پاککردنەوە Bisco,جهاز تعقيم أصلي من Bisco — جودة عالية وسعر جملة.,ئامێری پاککردنەوە ڕەسەن لە Bisco — کوالیتی باش و نرخی کۆ.,Bisco,BISCO-1008,/images/p-autoclave.jpg,51cca89f-6cb4-4656-ae22-354da2f9ed55,2026-08-22 04:25:05.423884+00,2026-08-22 04:25:05.423884+00
99973c47-c06f-40d7-8f38-f408a4f0bb06,bisco|سمنت زجاجي bisco,سمنت زجاجي Bisco,سیمێنتی شووشەیی Bisco,سمنت زجاجي أصلي من Bisco — جودة عالية وسعر جملة.,سیمێنتی شووشەیی ڕەسەن لە Bisco — کوالیتی باش و نرخی کۆ.,Bisco,BISCO-1001,/images/p-cement.jpg,e121d991-00b7-414b-9c46-7cee49ca68e4,2026-08-22 04:25:05.423884+00,2026-08-22 04:25:05.423884+00
1908fff4-8665-4a5f-8579-caaa03be8d28,bisco|قفازات نتريل bisco,قفازات نتريل Bisco,دەستکێشی نیتریل Bisco,قفازات نتريل أصلي من Bisco — جودة عالية وسعر جملة.,دەستکێشی نیتریل ڕەسەن لە Bisco — کوالیتی باش و نرخی کۆ.,Bisco,BISCO-1004,/images/p-gloves.jpg,fa22af05-590d-48b6-b065-7318f2e84ea7,2026-08-22 04:25:05.423884+00,2026-08-22 04:25:05.423884+00
2d483cfe-53c4-447e-856a-2772f9d79799,bisco|كماشة خلع bisco,كماشة خلع Bisco,کەلبەتانی دەرهێنان Bisco,كماشة خلع أصلي من Bisco — جودة عالية وسعر جملة.,کەلبەتانی دەرهێنان ڕەسەن لە Bisco — کوالیتی باش و نرخی کۆ.,Bisco,BISCO-1006,/images/p-forceps.jpg,e121d991-00b7-414b-9c46-7cee49ca68e4,2026-08-22 04:25:05.423884+00,2026-08-22 04:25:05.423884+00
5d61fe34-4841-4fa9-91d2-2b30dcbd08d3,bisco|كمامات طبية bisco,كمامات طبية Bisco,دەمامکی پزیشکی Bisco,كمامات طبية أصلي من Bisco — جودة عالية وسعر جملة.,دەمامکی پزیشکی ڕەسەن لە Bisco — کوالیتی باش و نرخی کۆ.,Bisco,BISCO-1005,/images/p-masks.jpg,9f0bd8cc-a30b-44d2-b298-76670f74723a,2026-08-22 04:25:05.423884+00,2026-08-22 04:25:05.423884+00
519ef510-f30a-4143-9a00-440057dc2362,gc|مثقب ألماسي gc,مثقب ألماسي GC,بۆری ئەڵماس GC,مثقب ألماسي أصلي من GC — جودة عالية وسعر جملة.,بۆری ئەڵماس ڕەسەن لە GC — کوالیتی باش و نرخی کۆ.,GC,GC-1003,/images/p-instruments-set.jpg,51cca89f-6cb4-4656-ae22-354da2f9ed55,2026-08-22 04:25:05.423884+00,2026-08-22 04:25:05.423884+00
3166f8c5-a919-49b9-be15-7b6a4d02e85b,bisco|كومبوزيت حقنة bisco,كومبوزيت حقنة Bisco,کۆمپۆزیتی سیرینج Bisco,كومبوزيت حقنة أصلي من Bisco — جودة عالية وسعر جملة.,کۆمپۆزیتی سیرینج ڕەسەن لە Bisco — کوالیتی باش و نرخی کۆ.,Bisco,BISCO-1000,/images/p-composite.jpg,9f0bd8cc-a30b-44d2-b298-76670f74723a,2026-08-22 04:25:05.423884+00,2026-08-22 04:25:05.423884+00
67d6d31b-8c93-4490-8aad-4af7206c44a5,bisco|لاصق all-bond universal,لاصق All-Bond Universal,بەستەری All-Bond Universal,"","",BISCO,BISC-001,,e121d991-00b7-414b-9c46-7cee49ca68e4,2026-08-22 04:25:05.423884+00,2026-08-22 04:25:05.423884+00
65f89025-ffd1-4fb0-a8fd-1425848bf1ae,bisco|لاصق أسنان bisco,لاصق أسنان Bisco,لینکی ددان Bisco,لاصق أسنان أصلي من Bisco — جودة عالية وسعر جملة.,لینکی ددان ڕەسەن لە Bisco — کوالیتی باش و نرخی کۆ.,Bisco,BISCO-1002,/images/p-curing-light.jpg,ba523618-8705-4b72-aa81-52409b0c94f9,2026-08-22 04:25:05.423884+00,2026-08-22 04:25:05.423884+00
535b16b7-0b5c-42c4-ad18-59d3e3c03362,bisco|مادة طبعات bisco,مادة طبعات Bisco,کەرەستەی داغکردن Bisco,مادة طبعات أصلي من Bisco — جودة عالية وسعر جملة.,کەرەستەی داغکردن ڕەسەن لە Bisco — کوالیتی باش و نرخی کۆ.,Bisco,BISCO-1009,/images/p-composite.jpg,fa22af05-590d-48b6-b065-7318f2e84ea7,2026-08-22 04:25:05.423884+00,2026-08-22 04:25:05.423884+00
aea5ea4d-2029-46d5-ba02-6e35cbf0b066,bisco|مثقب ألماسي bisco,مثقب ألماسي Bisco,بۆری ئەڵماس Bisco,مثقب ألماسي أصلي من Bisco — جودة عالية وسعر جملة.,بۆری ئەڵماس ڕەسەن لە Bisco — کوالیتی باش و نرخی کۆ.,Bisco,BISCO-1003,/images/p-instruments-set.jpg,51cca89f-6cb4-4656-ae22-354da2f9ed55,2026-08-22 04:25:05.423884+00,2026-08-22 04:25:05.423884+00
832a7a58-c871-4e87-8119-4bf96af8eb15,dentpro|طقم أدوات فحص الأسنان,طقم أدوات فحص الأسنان,سێتی ئامێری پشکنینی ددان,طقم ستانلس ستيل 5 قطع,سێتی ستەینلێس ستیل ٥ پارچە,DentPro,DP-1001,/images/p-instruments-set.jpg,9f0bd8cc-a30b-44d2-b298-76670f74723a,2026-08-22 04:25:05.423884+00,2026-08-22 04:25:05.423884+00
71a5be5a-0e46-4b18-ac7c-7fdd771cf6c7,dentpro|ملقط جراحي مستقيم,ملقط جراحي مستقيم,مقاشی نەشتەرگەری ڕاست,ملقط عالي الدقة,مقاشی وردی بەرز,DentPro,DP-1002,/images/p-forceps.jpg,9f0bd8cc-a30b-44d2-b298-76670f74723a,2026-08-22 04:25:05.423884+00,2026-08-22 04:25:05.423884+00
80585e52-ba23-4684-9b5a-f6b94c110abc,dentsply sirona|أسمنت calibra universal,أسمنت Calibra Universal,سیمێنتی Calibra Universal,"","",Dentsply Sirona,DENT-003,,9f0bd8cc-a30b-44d2-b298-76670f74723a,2026-08-22 04:25:05.423884+00,2026-08-22 04:25:05.423884+00
2f9f3572-716e-4127-b4a2-06f45fb5b673,dentsply sirona|كمبوزيت sdr flow+,كمبوزيت SDR flow+,کۆمپۆزیتی SDR flow+,"","",Dentsply Sirona,DENT-002,,9f0bd8cc-a30b-44d2-b298-76670f74723a,2026-08-22 04:25:05.423884+00,2026-08-22 04:25:05.423884+00
241bfed6-3d0c-44fd-a833-413338ecf5f2,dentsply sirona|مادة طبعة aquasil,مادة طبعة Aquasil,مادەی وەرگرتنی Aquasil,"","",Dentsply Sirona,DENT-005,,9f0bd8cc-a30b-44d2-b298-76670f74723a,2026-08-22 04:25:05.423884+00,2026-08-22 04:25:05.423884+00
67836ba0-b61b-4201-ba6c-359db75b47d6,dentsply sirona|مبارد protaper gold,مبارد ProTaper Gold,فایلی ProTaper Gold,"","",Dentsply Sirona,DENT-001,,9f0bd8cc-a30b-44d2-b298-76670f74723a,2026-08-22 04:25:05.423884+00,2026-08-22 04:25:05.423884+00
d03c983d-9d23-4580-8ebe-1abb121e066b,dentsply sirona|مبارد waveone gold,مبارد WaveOne Gold,فایلی WaveOne Gold,"","",Dentsply Sirona,DENT-004,,9f0bd8cc-a30b-44d2-b298-76670f74723a,2026-08-22 04:25:05.423884+00,2026-08-22 04:25:05.423884+00
6f7d7ea8-e36c-4b48-b700-4c6e14d03bc4,eighteeth|جهاز أبيكس apex locator,جهاز أبيكس Apex Locator,ئامێری Apex Locator,"","",Eighteeth,EIGH-002,,fa22af05-590d-48b6-b065-7318f2e84ea7,2026-08-22 04:25:05.423884+00,2026-08-22 04:25:05.423884+00
3ab95e5f-855f-4097-8b2a-95b7eef3b937,eighteeth|جهاز إندو موتور لاسلكي,جهاز إندو موتور لاسلكي,موتۆری ئێندۆی بێ وایەر,"","",Eighteeth,EIGH-004,,fa22af05-590d-48b6-b065-7318f2e84ea7,2026-08-22 04:25:05.423884+00,2026-08-22 04:25:05.423884+00
f58ecc8b-bac3-4d6a-bd10-3f0651ba44a6,eighteeth|جهاز موتور علاج جذور e-connect s,جهاز موتور علاج جذور E-Connect S,ئامێری موتۆری ڕیشە E-Connect S,"","",Eighteeth,EIGH-001,,fa22af05-590d-48b6-b065-7318f2e84ea7,2026-08-22 04:25:05.423884+00,2026-08-22 04:25:05.423884+00
95ad86ec-b8ea-4565-b39a-19ed6348610d,eighteeth|ضوء تصليب curing pen,ضوء تصليب Curing Pen,لایتی توندکەری Curing Pen,"","",Eighteeth,EIGH-003,,fa22af05-590d-48b6-b065-7318f2e84ea7,2026-08-22 04:25:05.423884+00,2026-08-22 04:25:05.423884+00
c60245bb-0811-4eb5-a000-b455958d7ab4,eighteeth|قياس ذروة مدمج,قياس ذروة مدمج,پێوانەری ڕیشەی بچووک,"","",Eighteeth,EIGH-005,,fa22af05-590d-48b6-b065-7318f2e84ea7,2026-08-22 04:25:05.423884+00,2026-08-22 04:25:05.423884+00
2cf722fe-49b8-4fa6-b518-092fab9b5289,gc|gc luting cement,GC luting cement,GC luting cement,"","",GC,"",https://www.gc.dental/sea/sites/sea.gc.dental/files/products/images/gold%20label%201.jpg,,2026-08-22 04:25:05.423884+00,2026-08-22 04:25:05.423884+00
eb577a0d-20b4-4557-86d2-8e90d74f6768,"gc|test + 20,000","Test + 20,000","Test + 20,000","","",GC,"",,,2026-08-22 04:25:05.423884+00,2026-08-22 04:25:05.423884+00
c3833004-bd64-4c20-846b-282fca2e4871,gc|أسلاك تقويم gc,أسلاك تقويم GC,تەلی ڕێکخستن GC,أسلاك تقويم أصلي من GC — جودة عالية وسعر جملة.,تەلی ڕێکخستن ڕەسەن لە GC — کوالیتی باش و نرخی کۆ.,GC,GC-1007,/images/p-ortho.jpg,ba523618-8705-4b72-aa81-52409b0c94f9,2026-08-22 04:25:05.423884+00,2026-08-22 04:25:05.423884+00
281c8e13-a3eb-4a80-b429-8891e401dc35,gc|أسمنت fuji ii lc,أسمنت Fuji II LC,سیمێنتی Fuji II LC,"","",GC,GC-002,,e121d991-00b7-414b-9c46-7cee49ca68e4,2026-08-22 04:25:05.423884+00,2026-08-22 04:25:05.423884+00
24670b78-f340-49a0-bb9d-7ab44a9a5b9f,gc|جهاز تعقيم gc,جهاز تعقيم GC,ئامێری پاککردنەوە GC,جهاز تعقيم أصلي من GC — جودة عالية وسعر جملة.,ئامێری پاککردنەوە ڕەسەن لە GC — کوالیتی باش و نرخی کۆ.,GC,GC-1008,/images/p-autoclave.jpg,51cca89f-6cb4-4656-ae22-354da2f9ed55,2026-08-22 04:25:05.423884+00,2026-08-22 04:25:05.423884+00
6536a5a2-acb2-4fe7-b213-ad5452a5efa7,gc|حشوة fuji ix gp,حشوة Fuji IX GP,پڕکەرەی Fuji IX GP,"","",GC,GC-003,,e121d991-00b7-414b-9c46-7cee49ca68e4,2026-08-22 04:25:05.423884+00,2026-08-22 04:25:05.423884+00
cc62f278-f84f-4982-ad78-dc1f7f2b6419,gc|سمنت زجاجي gc,سمنت زجاجي GC,سیمێنتی شووشەیی GC,سمنت زجاجي أصلي من GC — جودة عالية وسعر جملة.,سیمێنتی شووشەیی ڕەسەن لە GC — کوالیتی باش و نرخی کۆ.,GC,GC-1001,/images/p-cement.jpg,e121d991-00b7-414b-9c46-7cee49ca68e4,2026-08-22 04:25:05.423884+00,2026-08-22 04:25:05.423884+00
29bee5a9-c1f8-4f9b-a1da-01d17948d060,gc|كمبوزيت gc g-aenial,كمبوزيت GC G-aenial,کۆمپۆزیتی GC G-aenial,"","",GC,GC-001,,e121d991-00b7-414b-9c46-7cee49ca68e4,2026-08-22 04:25:05.423884+00,2026-08-22 04:25:05.423884+00
7e71caca-cf86-438c-a406-0c792c1288fe,gc|كومبوزيت حقنة gc,كومبوزيت حقنة GC,کۆمپۆزیتی سیرینج GC,كومبوزيت حقنة أصلي من GC — جودة عالية وسعر جملة.,کۆمپۆزیتی سیرینج ڕەسەن لە GC — کوالیتی باش و نرخی کۆ.,GC,GC-1000,/images/p-composite.jpg,9f0bd8cc-a30b-44d2-b298-76670f74723a,2026-08-22 04:25:05.423884+00,2026-08-22 04:25:05.423884+00
7a8221bd-fdaa-48d4-b974-3fea5f0baeab,gc|لاصق g-premio bond,لاصق G-Premio Bond,بەستەری G-Premio Bond,"","",GC,GC-004,,e121d991-00b7-414b-9c46-7cee49ca68e4,2026-08-22 04:25:05.423884+00,2026-08-22 04:25:05.423884+00
915a89cc-b06e-455b-9dfc-f42736280126,gc|لاصق أسنان gc,لاصق أسنان GC,لینکی ددان GC,لاصق أسنان أصلي من GC — جودة عالية وسعر جملة.,لینکی ددان ڕەسەن لە GC — کوالیتی باش و نرخی کۆ.,GC,GC-1002,/images/p-curing-light.jpg,ba523618-8705-4b72-aa81-52409b0c94f9,2026-08-22 04:25:05.423884+00,2026-08-22 04:25:05.423884+00
fac596ba-b492-4c28-a9ce-5dfa2dc11f6c,gc|مادة طبعات gc,مادة طبعات GC,کەرەستەی داغکردن GC,مادة طبعات أصلي من GC — جودة عالية وسعر جملة.,کەرەستەی داغکردن ڕەسەن لە GC — کوالیتی باش و نرخی کۆ.,GC,GC-1009,/images/p-composite.jpg,fa22af05-590d-48b6-b065-7318f2e84ea7,2026-08-22 04:25:05.423884+00,2026-08-22 04:25:05.423884+00
fde6e8bb-82f3-4988-bd74-305d262edbcc,gc|ورنيش mi varnish,ورنيش MI Varnish,ڤارنیشی MI Varnish,"","",GC,GC-005,,e121d991-00b7-414b-9c46-7cee49ca68e4,2026-08-22 04:25:05.423884+00,2026-08-22 04:25:05.423884+00
676a186a-10e6-4077-870f-bdfd0a766d3a,ivoclar|ips e.max بلوكات,IPS e.max بلوكات,بلۆکی IPS e.max,"","",Ivoclar,IVOC-004,,e121d991-00b7-414b-9c46-7cee49ca68e4,2026-08-22 04:25:05.423884+00,2026-08-22 04:25:05.423884+00
13abeac9-b654-48aa-bfb3-94a1f727eb83,ivoclar|proxyt معجون تلميع,Proxyt معجون تلميع,پەستەی سافکردنی Proxyt,"","",Ivoclar,IVOC-005,,e121d991-00b7-414b-9c46-7cee49ca68e4,2026-08-22 04:25:05.423884+00,2026-08-22 04:25:05.423884+00
32cebd71-355d-4a62-8be1-3ababca16294,ivoclar|أسمنت variolink esthetic,أسمنت Variolink Esthetic,سیمێنتی Variolink Esthetic,"","",Ivoclar,IVOC-003,,e121d991-00b7-414b-9c46-7cee49ca68e4,2026-08-22 04:25:05.423884+00,2026-08-22 04:25:05.423884+00
8f67d9d0-6985-487a-942d-d10ee5085b84,ivoclar|كمبوزيت tetric evoceram,كمبوزيت Tetric EvoCeram,کۆمپۆزیتی Tetric EvoCeram,"","",Ivoclar,IVOC-001,,e121d991-00b7-414b-9c46-7cee49ca68e4,2026-08-22 04:25:05.423884+00,2026-08-22 04:25:05.423884+00
6f98c288-6627-445b-a119-b17b47ce642c,ivoclar|لاصق adhese universal,لاصق Adhese Universal,بەستەری Adhese Universal,"","",Ivoclar,IVOC-002,,e121d991-00b7-414b-9c46-7cee49ca68e4,2026-08-22 04:25:05.423884+00,2026-08-22 04:25:05.423884+00
dd74a861-8c72-4f1f-bc7f-26338743b033,meditech|جهاز تعقيم أوتوكلاف 18 لتر,جهاز تعقيم أوتوكلاف 18 لتر,ئامێری دەرمانکردن ئۆتۆکلاڤ ١٨ لیتر,تعقيم سريع وآمن,دەرمانکردنی خێرا و سەلامەت,MediTech,MT-5001,/images/p-autoclave.jpg,fa22af05-590d-48b6-b065-7318f2e84ea7,2026-08-22 04:25:05.423884+00,2026-08-22 04:25:05.423884+00
121a2a74-6104-4892-a0d8-e8eadc7fa984,meditech|ضوء تصليب led,ضوء تصليب LED,ڕووناکی توندکردنی LED,بطارية طويلة الأمد,باتریی دوورخایەن,MediTech,MT-5002,/images/p-curing-light.jpg,fa22af05-590d-48b6-b065-7318f2e84ea7,2026-08-22 04:25:05.423884+00,2026-08-22 04:25:05.423884+00
58e5edc2-4394-42fe-a8f3-a1c585c0416a,nsk|جهاز تنظيف جير varios,جهاز تنظيف جير Varios,ئامێری خاوێنکردنی Varios,"","",NSK,NSK-003,,fa22af05-590d-48b6-b065-7318f2e84ea7,2026-08-22 04:25:05.423884+00,2026-08-22 04:25:05.423884+00
64f6c149-eded-46e4-8580-9721329b6031,nsk|قبضة بطيئة nsk student,قبضة بطيئة NSK Student,هەندپیسی هێواشی NSK,"","",NSK,NSK-005,,fa22af05-590d-48b6-b065-7318f2e84ea7,2026-08-22 04:25:05.423884+00,2026-08-22 04:25:05.423884+00
ad17a3a0-c61a-4875-bba3-b7f5963f2382,nsk|قبضة زاوية ti-max,قبضة زاوية Ti-Max,هەندپیسی گۆشەیی Ti-Max,"","",NSK,NSK-002,,fa22af05-590d-48b6-b065-7318f2e84ea7,2026-08-22 04:25:05.423884+00,2026-08-22 04:25:05.423884+00
1fead66d-abe8-4fb0-b733-698c8e100391,nsk|قبضة سرعة عالية pana max,قبضة سرعة عالية Pana Max,هەندپیسی خێرای Pana Max,"","",NSK,NSK-001,,fa22af05-590d-48b6-b065-7318f2e84ea7,2026-08-22 04:25:05.423884+00,2026-08-22 04:25:05.423884+00
577b67da-818c-4c23-8505-374e50053bea,nsk|موتور زرع surgic pro,موتور زرع Surgic Pro,موتۆری چاندنی Surgic Pro,"","",NSK,NSK-004,,fa22af05-590d-48b6-b065-7318f2e84ea7,2026-08-22 04:25:05.423884+00,2026-08-22 04:25:05.423884+00
b5291ef8-4ba3-4094-9b30-e2e0d7ff6a5e,orodeka|أسلاك تقويم orodeka,أسلاك تقويم Orodeka,تەلی ڕێکخستن Orodeka,أسلاك تقويم أصلي من Orodeka — جودة عالية وسعر جملة.,تەلی ڕێکخستن ڕەسەن لە Orodeka — کوالیتی باش و نرخی کۆ.,Orodeka,ORODEKA-1007,/images/p-ortho.jpg,ba523618-8705-4b72-aa81-52409b0c94f9,2026-08-22 04:25:05.423884+00,2026-08-22 04:25:05.423884+00
1ccbe2d3-113b-4732-aa6e-aa369a23652b,orodeka|أكواب بلاستيك للمريض,أكواب بلاستيك للمريض,جامی پلاستیکی نەخۆش,"","",Orodeka,OROD-003,,51cca89f-6cb4-4656-ae22-354da2f9ed55,2026-08-22 04:25:05.423884+00,2026-08-22 04:25:05.423884+00
b4ed51b0-fcd1-489e-82a1-fffa36fb4b66,orodeka|جهاز تعقيم orodeka,جهاز تعقيم Orodeka,ئامێری پاککردنەوە Orodeka,جهاز تعقيم أصلي من Orodeka — جودة عالية وسعر جملة.,ئامێری پاککردنەوە ڕەسەن لە Orodeka — کوالیتی باش و نرخی کۆ.,Orodeka,ORODEKA-1008,/images/p-autoclave.jpg,51cca89f-6cb4-4656-ae22-354da2f9ed55,2026-08-22 04:25:05.423884+00,2026-08-22 04:25:05.423884+00
f6af76ef-3a20-4ea2-91dd-511a41680cb9,orodeka|سمنت زجاجي orodeka,سمنت زجاجي Orodeka,سیمێنتی شووشەیی Orodeka,سمنت زجاجي أصلي من Orodeka — جودة عالية وسعر جملة.,سیمێنتی شووشەیی ڕەسەن لە Orodeka — کوالیتی باش و نرخی کۆ.,Orodeka,ORODEKA-1001,/images/p-cement.jpg,e121d991-00b7-414b-9c46-7cee49ca68e4,2026-08-22 04:25:05.423884+00,2026-08-22 04:25:05.423884+00
8026c6d4-2f0b-4d2c-aa67-ce395f5de935,orodeka|شفاطات لعاب,شفاطات لعاب,ڕاکێشەری لەتەف,"","",Orodeka,OROD-005,,51cca89f-6cb4-4656-ae22-354da2f9ed55,2026-08-22 04:25:05.423884+00,2026-08-22 04:25:05.423884+00
528aa02f-4e81-401b-b39d-041589dd6c2c,orodeka|قفازات فحص نتريل,قفازات فحص نتريل,دەستکێشی نیتریل,"","",Orodeka,OROD-001,,51cca89f-6cb4-4656-ae22-354da2f9ed55,2026-08-22 04:25:05.423884+00,2026-08-22 04:25:05.423884+00
e51c61f4-c5d5-469d-b269-726a4102407e,orodeka|قفازات نتريل orodeka,قفازات نتريل Orodeka,دەستکێشی نیتریل Orodeka,قفازات نتريل أصلي من Orodeka — جودة عالية وسعر جملة.,دەستکێشی نیتریل ڕەسەن لە Orodeka — کوالیتی باش و نرخی کۆ.,Orodeka,ORODEKA-1004,/images/p-gloves.jpg,fa22af05-590d-48b6-b065-7318f2e84ea7,2026-08-22 04:25:05.423884+00,2026-08-22 04:25:05.423884+00
3c368a88-ddd6-4c53-89ba-8bebb83d77af,orodeka|كماشة خلع orodeka,كماشة خلع Orodeka,کەلبەتانی دەرهێنان Orodeka,كماشة خلع أصلي من Orodeka — جودة عالية وسعر جملة.,کەلبەتانی دەرهێنان ڕەسەن لە Orodeka — کوالیتی باش و نرخی کۆ.,Orodeka,ORODEKA-1006,/images/p-forceps.jpg,e121d991-00b7-414b-9c46-7cee49ca68e4,2026-08-22 04:25:05.423884+00,2026-08-22 04:25:05.423884+00
dfe2fd04-201e-484f-ae6b-dd17a84f52f6,orodeka|كمامات جراحية 3 طبقات,كمامات جراحية 3 طبقات,ماسکی نەشتەرگەری ٣ چین,"","",Orodeka,OROD-002,,51cca89f-6cb4-4656-ae22-354da2f9ed55,2026-08-22 04:25:05.423884+00,2026-08-22 04:25:05.423884+00
2cce498d-dcba-43e5-abc9-824f2d59eaa4,orodeka|كمامات طبية orodeka,كمامات طبية Orodeka,دەمامکی پزیشکی Orodeka,كمامات طبية أصلي من Orodeka — جودة عالية وسعر جملة.,دەمامکی پزیشکی ڕەسەن لە Orodeka — کوالیتی باش و نرخی کۆ.,Orodeka,ORODEKA-1005,/images/p-masks.jpg,9f0bd8cc-a30b-44d2-b298-76670f74723a,2026-08-22 04:25:05.423884+00,2026-08-22 04:25:05.423884+00
1769f87e-be1f-440f-8fa9-20b792ebcc2b,orodeka|كومبوزيت حقنة orodeka,كومبوزيت حقنة Orodeka,کۆمپۆزیتی سیرینج Orodeka,كومبوزيت حقنة أصلي من Orodeka — جودة عالية وسعر جملة.,کۆمپۆزیتی سیرینج ڕەسەن لە Orodeka — کوالیتی باش و نرخی کۆ.,Orodeka,ORODEKA-1000,/images/p-composite.jpg,9f0bd8cc-a30b-44d2-b298-76670f74723a,2026-08-22 04:25:05.423884+00,2026-08-22 04:25:05.423884+00
ede90b00-5396-441f-b9e6-c372d88461be,orodeka|لاصق أسنان orodeka,لاصق أسنان Orodeka,لینکی ددان Orodeka,لاصق أسنان أصلي من Orodeka — جودة عالية وسعر جملة.,لینکی ددان ڕەسەن لە Orodeka — کوالیتی باش و نرخی کۆ.,Orodeka,ORODEKA-1002,/images/p-curing-light.jpg,ba523618-8705-4b72-aa81-52409b0c94f9,2026-08-22 04:25:05.423884+00,2026-08-22 04:25:05.423884+00
7ca1ddb6-0016-43b7-849c-2f0814fe6e04,orodeka|مادة طبعات orodeka,مادة طبعات Orodeka,کەرەستەی داغکردن Orodeka,مادة طبعات أصلي من Orodeka — جودة عالية وسعر جملة.,کەرەستەی داغکردن ڕەسەن لە Orodeka — کوالیتی باش و نرخی کۆ.,Orodeka,ORODEKA-1009,/images/p-composite.jpg,fa22af05-590d-48b6-b065-7318f2e84ea7,2026-08-22 04:25:05.423884+00,2026-08-22 04:25:05.423884+00
57f8c331-3410-43e1-836a-c7db835e0f0c,orodeka|مثقب ألماسي orodeka,مثقب ألماسي Orodeka,بۆری ئەڵماس Orodeka,مثقب ألماسي أصلي من Orodeka — جودة عالية وسعر جملة.,بۆری ئەڵماس ڕەسەن لە Orodeka — کوالیتی باش و نرخی کۆ.,Orodeka,ORODEKA-1003,/images/p-instruments-set.jpg,51cca89f-6cb4-4656-ae22-354da2f9ed55,2026-08-22 04:25:05.423884+00,2026-08-22 04:25:05.423884+00
27c04f61-48d5-4c91-a3bc-0b4e5dc67732,orodeka|مناديل عيادة مقاومة للماء,مناديل عيادة مقاومة للماء,دەستەڕۆی کلینیک,"","",Orodeka,OROD-004,,51cca89f-6cb4-4656-ae22-354da2f9ed55,2026-08-22 04:25:05.423884+00,2026-08-22 04:25:05.423884+00
b8a875de-da5e-4f46-8c7a-5648b3408973,ortholine|أسلاك تقويم niti,أسلاك تقويم NiTi,وایەری NiTi,مرونة عالية,نەرمی بەرز,OrthoLine,OL-3002,/images/p-ortho.jpg,ba523618-8705-4b72-aa81-52409b0c94f9,2026-08-22 04:25:05.423884+00,2026-08-22 04:25:05.423884+00
73349814-e24a-4adb-8594-6be6de51dd08,ortholine|حاصرات تقويم معدنية,حاصرات تقويم معدنية,براکێتی مەتەلی ڕێکخستن,طقم كامل 20 حاصرة,سێتی تەواو ٢٠ براکێت,OrthoLine,OL-3001,/images/p-ortho.jpg,ba523618-8705-4b72-aa81-52409b0c94f9,2026-08-22 04:25:05.423884+00,2026-08-22 04:25:05.423884+00
3bc4dbf3-e4ad-4bdb-b93d-70e81c9ee646,safehand|قفازات نتريل (100),قفازات نتريل (100),دەستکێشی نایترایل (١٠٠),خالية من البودرة,بێ پۆدرە,SafeHand,SH-4001,/images/p-gloves.jpg,51cca89f-6cb4-4656-ae22-354da2f9ed55,2026-08-22 04:25:05.423884+00,2026-08-22 04:25:05.423884+00
f32dea6b-802c-4761-b327-3fbcb218ffb2,safehand|كمامات طبية (50),كمامات طبية (50),ماسکی پزیشکی (٥٠),ثلاث طبقات,سێ چین,SafeHand,SH-4002,/images/p-masks.jpg,51cca89f-6cb4-4656-ae22-354da2f9ed55,2026-08-22 04:25:05.423884+00,2026-08-22 04:25:05.423884+00
c9d6bde7-e51a-4599-91b3-5c7adfad5aa7,shinefill|أسمنت زجاجي,أسمنت زجاجي,سیمانی شووشەیی,لاصق للحشوات الدائمة,لکێنەر بۆ پرکردنەوەی هەمیشەیی,ShineFill,SF-2002,/images/p-cement.jpg,e121d991-00b7-414b-9c46-7cee49ca68e4,2026-08-22 04:25:05.423884+00,2026-08-22 04:25:05.423884+00
03a9f5f7-e53f-46f4-85e4-cedc7d8267b8,shinefill|كومبوزيت ضوئي a2,كومبوزيت ضوئي A2,کۆمپۆزیتی ڕووناکی A2,حشوة ضوئية عالية الجودة,پرکردنەوەی ڕووناکی کوالیتی بەرز,ShineFill,SF-2001,/images/p-composite.jpg,e121d991-00b7-414b-9c46-7cee49ca68e4,2026-08-22 04:25:05.423884+00,2026-08-22 04:25:05.423884+00
5b9f0918-aee3-41f0-b43f-05a5b7812f63,tokuyama|estelite bulk fill flow,Estelite Bulk Fill Flow,Estelite Bulk Fill Flow,"","",Tokuyama,TOKU-004,,e121d991-00b7-414b-9c46-7cee49ca68e4,2026-08-22 04:25:05.423884+00,2026-08-22 04:25:05.423884+00
0b51ba61-b038-4b2e-a611-d3e3d1113859,tokuyama|rebase ii مادة إعادة قاعدة,Rebase II مادة إعادة قاعدة,Rebase II مادەی بنکەی نوێ,"","",Tokuyama,TOKU-005,,e121d991-00b7-414b-9c46-7cee49ca68e4,2026-08-22 04:25:05.423884+00,2026-08-22 04:25:05.423884+00
fa2301f2-08da-468f-b7e9-853e2ddec17e,tokuyama|أسلاك تقويم tokuyama,أسلاك تقويم Tokuyama,تەلی ڕێکخستن Tokuyama,أسلاك تقويم أصلي من Tokuyama — جودة عالية وسعر جملة.,تەلی ڕێکخستن ڕەسەن لە Tokuyama — کوالیتی باش و نرخی کۆ.,Tokuyama,TOKUYAMA-1007,/images/p-ortho.jpg,ba523618-8705-4b72-aa81-52409b0c94f9,2026-08-22 04:25:05.423884+00,2026-08-22 04:25:05.423884+00
05279a56-bb16-43d5-adf0-3c8e29327592,tokuyama|أسمنت estecem ii,أسمنت Estecem II,سیمێنتی Estecem II,"","",Tokuyama,TOKU-003,,e121d991-00b7-414b-9c46-7cee49ca68e4,2026-08-22 04:25:05.423884+00,2026-08-22 04:25:05.423884+00
84ff9f67-077d-41ec-90c9-33d4fdffda5b,tokuyama|جهاز تعقيم tokuyama,جهاز تعقيم Tokuyama,ئامێری پاککردنەوە Tokuyama,جهاز تعقيم أصلي من Tokuyama — جودة عالية وسعر جملة.,ئامێری پاککردنەوە ڕەسەن لە Tokuyama — کوالیتی باش و نرخی کۆ.,Tokuyama,TOKUYAMA-1008,/images/p-autoclave.jpg,51cca89f-6cb4-4656-ae22-354da2f9ed55,2026-08-22 04:25:05.423884+00,2026-08-22 04:25:05.423884+00
a76ace48-a143-4afe-9af4-3128a5855b47,tokuyama|سمنت زجاجي tokuyama,سمنت زجاجي Tokuyama,سیمێنتی شووشەیی Tokuyama,سمنت زجاجي أصلي من Tokuyama — جودة عالية وسعر جملة.,سیمێنتی شووشەیی ڕەسەن لە Tokuyama — کوالیتی باش و نرخی کۆ.,Tokuyama,TOKUYAMA-1001,/images/p-cement.jpg,e121d991-00b7-414b-9c46-7cee49ca68e4,2026-08-22 04:25:05.423884+00,2026-08-22 04:25:05.423884+00
92827eaa-5621-4bf4-9042-7dcc275d2998,tokuyama|قفازات نتريل tokuyama,قفازات نتريل Tokuyama,دەستکێشی نیتریل Tokuyama,قفازات نتريل أصلي من Tokuyama — جودة عالية وسعر جملة.,دەستکێشی نیتریل ڕەسەن لە Tokuyama — کوالیتی باش و نرخی کۆ.,Tokuyama,TOKUYAMA-1004,/images/p-gloves.jpg,fa22af05-590d-48b6-b065-7318f2e84ea7,2026-08-22 04:25:05.423884+00,2026-08-22 04:25:05.423884+00
b48a1a1c-87b5-4559-8849-dbb6d1d99eeb,tokuyama|كماشة خلع tokuyama,كماشة خلع Tokuyama,کەلبەتانی دەرهێنان Tokuyama,كماشة خلع أصلي من Tokuyama — جودة عالية وسعر جملة.,کەلبەتانی دەرهێنان ڕەسەن لە Tokuyama — کوالیتی باش و نرخی کۆ.,Tokuyama,TOKUYAMA-1006,/images/p-forceps.jpg,e121d991-00b7-414b-9c46-7cee49ca68e4,2026-08-22 04:25:05.423884+00,2026-08-22 04:25:05.423884+00
60722ecf-5aec-4324-852c-24e651313527,tokuyama|كمامات طبية tokuyama,كمامات طبية Tokuyama,دەمامکی پزیشکی Tokuyama,كمامات طبية أصلي من Tokuyama — جودة عالية وسعر جملة.,دەمامکی پزیشکی ڕەسەن لە Tokuyama — کوالیتی باش و نرخی کۆ.,Tokuyama,TOKUYAMA-1005,/images/p-masks.jpg,9f0bd8cc-a30b-44d2-b298-76670f74723a,2026-08-22 04:25:05.423884+00,2026-08-22 04:25:05.423884+00
f4358c13-fbd1-4459-826b-2bdac1c0b7a8,tokuyama|كمبوزيت estelite sigma quick,كمبوزيت Estelite Sigma Quick,کۆمپۆزیتی Estelite Sigma Quick,"","",Tokuyama,TOKU-001,,e121d991-00b7-414b-9c46-7cee49ca68e4,2026-08-22 04:25:05.423884+00,2026-08-22 04:25:05.423884+00
a5610d94-86cf-42c2-b4be-70d04f29ab19,tokuyama|كومبوزيت حقنة tokuyama,كومبوزيت حقنة Tokuyama,کۆمپۆزیتی سیرینج Tokuyama,كومبوزيت حقنة أصلي من Tokuyama — جودة عالية وسعر جملة.,کۆمپۆزیتی سیرینج ڕەسەن لە Tokuyama — کوالیتی باش و نرخی کۆ.,Tokuyama,TOKUYAMA-1000,/images/p-composite.jpg,9f0bd8cc-a30b-44d2-b298-76670f74723a,2026-08-22 04:25:05.423884+00,2026-08-22 04:25:05.423884+00
2b55bd5a-9d5a-4f13-8168-751d1b4d57fd,tokuyama|لاصق tokuyama universal bond,لاصق Tokuyama Universal Bond,بەستەری Tokuyama Universal Bond,"","",Tokuyama,TOKU-002,,e121d991-00b7-414b-9c46-7cee49ca68e4,2026-08-22 04:25:05.423884+00,2026-08-22 04:25:05.423884+00
8e4ee82a-fca9-4144-b8ee-24c1edc382d5,tokuyama|لاصق أسنان tokuyama,لاصق أسنان Tokuyama,لینکی ددان Tokuyama,لاصق أسنان أصلي من Tokuyama — جودة عالية وسعر جملة.,لینکی ددان ڕەسەن لە Tokuyama — کوالیتی باش و نرخی کۆ.,Tokuyama,TOKUYAMA-1002,/images/p-curing-light.jpg,ba523618-8705-4b72-aa81-52409b0c94f9,2026-08-22 04:25:05.423884+00,2026-08-22 04:25:05.423884+00
b52aa1a7-2337-405b-962e-34e581d0ca0a,tokuyama|مادة طبعات tokuyama,مادة طبعات Tokuyama,کەرەستەی داغکردن Tokuyama,مادة طبعات أصلي من Tokuyama — جودة عالية وسعر جملة.,کەرەستەی داغکردن ڕەسەن لە Tokuyama — کوالیتی باش و نرخی کۆ.,Tokuyama,TOKUYAMA-1009,/images/p-composite.jpg,fa22af05-590d-48b6-b065-7318f2e84ea7,2026-08-22 04:25:05.423884+00,2026-08-22 04:25:05.423884+00
88b4f451-b34a-4cb2-91ab-b3dc702d1879,tokuyama|مثقب ألماسي tokuyama,مثقب ألماسي Tokuyama,بۆری ئەڵماس Tokuyama,مثقب ألماسي أصلي من Tokuyama — جودة عالية وسعر جملة.,بۆری ئەڵماس ڕەسەن لە Tokuyama — کوالیتی باش و نرخی کۆ.,Tokuyama,TOKUYAMA-1003,/images/p-instruments-set.jpg,51cca89f-6cb4-4656-ae22-354da2f9ed55,2026-08-22 04:25:05.423884+00,2026-08-22 04:25:05.423884+00
439a3fb1-08d2-4b68-b338-17ca58fa19f4,walaa|dental center,Dental Center,Dental Center,"","",Walaa,"",,,2026-08-22 04:25:05.423884+00,2026-08-22 04:25:05.423884+00
6bb291f5-6a60-4904-a7c4-51f2a2fd6f4d,walaa|dental prob,Dental prob,Dental prob,"","",Walaa,"",https://encrypted-tbn0.gstatic.com/images?q=tbn:ANd9GcQKFCYmRtoP_b5pjaAR3Gn8wS71fNbrna23x3jSnoy7Z77RSUo82aJsU7k&s=10,9f0bd8cc-a30b-44d2-b298-76670f74723a,2026-08-22 04:25:05.423884+00,2026-08-22 04:25:05.423884+00
cfaa1043-6bdf-4a05-8401-a4f9651c925f,woodpecker|جهاز تبييض led,جهاز تبييض LED,ئامێری سپیکردنی LED,"","",Woodpecker,WOOD-003,,fa22af05-590d-48b6-b065-7318f2e84ea7,2026-08-22 04:25:05.423884+00,2026-08-22 04:25:05.423884+00
99f29915-ed7e-44e9-bd74-954b653ff772,woodpecker|جهاز تنظيف جير uds-e,جهاز تنظيف جير UDS-E,ئامێری خاوێنکردنی UDS-E,"","",Woodpecker,WOOD-001,,fa22af05-590d-48b6-b065-7318f2e84ea7,2026-08-22 04:25:05.423884+00,2026-08-22 04:25:05.423884+00
d910d8c3-2079-46b0-b843-3270319aa892,woodpecker|ضوء تصليب iled,ضوء تصليب iLED,لایتی توندکەری iLED,"","",Woodpecker,WOOD-002,,fa22af05-590d-48b6-b065-7318f2e84ea7,2026-08-22 04:25:05.423884+00,2026-08-22 04:25:05.423884+00
eae9a498-a8a3-4e0a-8799-10f705c472cb,woodpecker|كاميرا فموية داخلية,كاميرا فموية داخلية,کامێرای ناو دەم,"","",Woodpecker,WOOD-005,,fa22af05-590d-48b6-b065-7318f2e84ea7,2026-08-22 04:25:05.423884+00,2026-08-22 04:25:05.423884+00
3f4cfbfe-5126-4d8b-88a7-ff218f7e2790,woodpecker|موتور علاج جذور ai-motor,موتور علاج جذور Ai-Motor,موتۆری ڕیشە Ai-Motor,"","",Woodpecker,WOOD-004,,fa22af05-590d-48b6-b065-7318f2e84ea7,2026-08-22 04:25:05.423884+00,2026-08-22 04:25:05.423884+00
34e662f8-6692-4c0e-82a2-5c59d35c7032,3m|كومبوزيت filtek z350 xt حقنة 4غم,كومبوزيت Filtek Z350 XT حقنة 4غم,کۆمپۆزیتی Filtek Z350 XT ٤گم,كومبوزيت نانو للترميم الأمامي والخلفي، حقنة 4 غرام.,کۆمپۆزیتی نانۆ بۆ ڕێستۆری پێشەوە و دواوە، ٤ گرام.,3M,DEMO-FILTEK-3MD,/images/p-composite.jpg,5868c47f-4785-49bb-8f87-56735ff83592,2026-08-22 04:32:13.964864+00,2026-08-22 04:32:13.964864+00
71b50e12-8fcd-4115-9945-4cc01f53fb0c,3m|قفازات نتريل بدون بودرة (100 حبة),قفازات نتريل بدون بودرة (100 حبة),دەستکێشی نایترایل بێ پۆدرە (١٠٠ دانە),قفازات فحص نتريل خالية من البودرة، عبوة 100 حبة.,دەستکێشی پشکنینی نایترایل بێ پۆدرە، پاکەتی ١٠٠ دانە.,3M,DEMO-NITRILE-3MD,/images/p-gloves.jpg,51cca89f-6cb4-4656-ae22-354da2f9ed55,2026-08-22 04:32:13.964864+00,2026-08-22 04:32:13.964864+00
201efa31-28bf-4d2f-b736-aab06ad63e13,gc|plex rt,Plex RT,Plex RT,"","",GC,"",https://jrkwxgdclonsyzdutgjs.supabase.co/storage/v1/object/sign/products/8c5cef4e-2041-4f96-8cdd-d37b8c1b423a/a55a40fb-cd6c-444b-852b-591a3b2505b5.webp?token=eyJraWQiOiJzdG9yYWdlLXVybC1zaWduaW5nLWtleV8xODRkZjA3OC0yMjJhLTQyNGMtYWI0ZC1kYjY2ODEwMWRmNmEiLCJhbGciOiJIUzI1NiJ9.eyJ1cmwiOiJwcm9kdWN0cy84YzVjZWY0ZS0yMDQxLTRmOTYtOGNkZC1kMzdiOGMxYjQyM2EvYTU1YTQwZmItY2Q2Yy00NDRiLTg1MmItNTkxYTNiMjUwNWI1LndlYnAiLCJzY29wZSI6ImRvd25sb2FkIiwiaWF0IjoxNzg3NDA2MzY3LCJleHAiOjIxMDI3NjYzNjd9.FZe7dE5QUSjCuczLppJs_1abVbIAyN8Qrq0uRNIKRiI,,2026-08-22 13:47:03.299265+00,2026-08-22 13:47:03.299265+00
d01b0fbc-1a5e-4bce-b1dc-f25a0dfb88c6,gc|rhodium matrix,Rhodium matrix,Rhodium matrix,"","",GC,"",https://jrkwxgdclonsyzdutgjs.supabase.co/storage/v1/object/sign/products/8c5cef4e-2041-4f96-8cdd-d37b8c1b423a/5ea4ff2e-c77e-48a2-9ada-91e5562cc97f.webp?token=eyJraWQiOiJzdG9yYWdlLXVybC1zaWduaW5nLWtleV8xODRkZjA3OC0yMjJhLTQyNGMtYWI0ZC1kYjY2ODEwMWRmNmEiLCJhbGciOiJIUzI1NiJ9.eyJ1cmwiOiJwcm9kdWN0cy84YzVjZWY0ZS0yMDQxLTRmOTYtOGNkZC1kMzdiOGMxYjQyM2EvNWVhNGZmMmUtYzc3ZS00OGEyLTlhZGEtOTFlNTU2MmNjOTdmLndlYnAiLCJzY29wZSI6ImRvd25sb2FkIiwiaWF0IjoxNzg3NDA2OTY2LCJleHAiOjIxMDI3NjY5NjZ9.xfP44ohDY3d9SLIgBT578r95gYCEM3emYBDKcR1kSCg,,2026-08-22 13:56:43.65949+00,2026-08-22 13:56:43.65949+00
8c58af9d-c5d8-42a3-b540-7dd4a93377ef,gc|dental mirror,Dental mirror,Dental mirror,"","",GC,"",https://jrkwxgdclonsyzdutgjs.supabase.co/storage/v1/object/sign/products/8c5cef4e-2041-4f96-8cdd-d37b8c1b423a/80c299e8-ea00-4045-9bf2-3a55c55180d3.webp?token=eyJraWQiOiJzdG9yYWdlLXVybC1zaWduaW5nLWtleV8xODRkZjA3OC0yMjJhLTQyNGMtYWI0ZC1kYjY2ODEwMWRmNmEiLCJhbGciOiJIUzI1NiJ9.eyJ1cmwiOiJwcm9kdWN0cy84YzVjZWY0ZS0yMDQxLTRmOTYtOGNkZC1kMzdiOGMxYjQyM2EvODBjMjk5ZTgtZWEwMC00MDQ1LTliZjItM2E1NWM1NTE4MGQzLndlYnAiLCJzY29wZSI6ImRvd25sb2FkIiwiaWF0IjoxNzg3NDgyMjMzLCJleHAiOjIxMDI4NDIyMzN9.pUeKIFJoqlTV8ZzoMN525p1DtBF6FGLRE_p083DqgFo,,2026-08-23 10:51:03.684997+00,2026-08-23 10:51:03.684997+00
