offer_id,product_id
05c3d8b6-c53e-433e-a52d-b4d28d66f9cc,516ec8bf-ff24-4cea-84d8-477570bf8262
05c3d8b6-c53e-433e-a52d-b4d28d66f9cc,84ebbb42-5a43-46c1-aebd-45eb57658279
05c3d8b6-c53e-433e-a52d-b4d28d66f9cc,818cfc1d-807b-463c-a3e1-224694a7c035
51961852-9a34-4d93-a1ba-ca162c9b22d3,46c389b4-6013-4d01-ae20-7916f53d0c84
51961852-9a34-4d93-a1ba-ca162c9b22d3,1166a3e2-55ed-4924-9f78-edf0742a2c61
af20f5d5-94f4-429c-9aa4-1446ed5fa4ce,0e46b91c-e043-493d-aad0-810a44bac92b
e0223d2f-6c4d-4053-bc8b-32c5f9af0aa6,f3f815d9-18c4-42e2-8ca1-a7c69f55d0e8
a94725f0-a11c-481c-b293-d389f75cb38f,e5193e1d-d7d1-42b8-9b52-93af42d4e7fd
a94725f0-a11c-481c-b293-d389f75cb38f,f3f815d9-18c4-42e2-8ca1-a7c69f55d0e8
