id,order_id,product_id,name_ar,name_ku,unit_price,quantity,image_url,vendor_id,fulfillment_status,commission_type,commission_value,commission_amount,commission_scope,bundle_id,accepted_at
8d1a152d-7be9-47c5-8c0c-9183adcc563c,55c17a68-f459-4054-ac08-505a48b38898,46c389b4-6013-4d01-ae20-7916f53d0c84,قفازات نتريل (100),دەستکێشی نایترایل (١٠٠),12750.00,1,/images/p-gloves.jpg,,new,,,0,,,
99fd895f-5460-451d-ab12-2a76671e9b54,2118219c-d077-4298-a41b-236598634a99,516ec8bf-ff24-4cea-84d8-477570bf8262,طقم أدوات فحص الأسنان,سێتی ئامێری پشکنینی ددان,33750.00,3,,,new,,,0,,,
9e4bf459-f77c-418d-a477-d29ae44e2c07,2118219c-d077-4298-a41b-236598634a99,bd1baebf-6a02-4655-b105-26ba718a3f40,جهاز تعقيم أوتوكلاف 18 لتر,ئامێری دەرمانکردن ئۆتۆکلاڤ ١٨ لیتر,1450000.00,1,/images/p-autoclave.jpg,,new,,,0,,,
74ace607-45f5-46b1-9ca6-ab7c6a8a7596,2b8ab14c-78e0-423b-91a2-79e06c61fb2e,46c389b4-6013-4d01-ae20-7916f53d0c84,قفازات نتريل (100),دەستکێشی نایترایل (١٠٠),12750.00,6,/images/p-gloves.jpg,,new,,,0,,,
8ca8f7aa-4226-4380-bfb8-607b4b86111e,2b8ab14c-78e0-423b-91a2-79e06c61fb2e,bd1baebf-6a02-4655-b105-26ba718a3f40,جهاز تعقيم أوتوكلاف 18 لتر,ئامێری دەرمانکردن ئۆتۆکلاڤ ١٨ لیتر,1450000.00,4,/images/p-autoclave.jpg,,new,,,0,,,
0e5d660d-f1ab-4648-a7de-fe2ea802feb1,aa69cc3d-ea5a-4ad5-8143-f8eda25b1d05,c174ef26-f847-400b-8964-9dca54d87f94,كمبوزيت Filtek Z350 XT,کۆمپۆزیتی Filtek Z350 XT,54400.00,14,,,new,,,0,,,
dbe43301-c957-4ac8-851f-0d3f638ee04f,7839f952-31ec-4d23-af47-64a7c748c333,bd1baebf-6a02-4655-b105-26ba718a3f40,جهاز تعقيم أوتوكلاف 18 لتر,ئامێری دەرمانکردن ئۆتۆکلاڤ ١٨ لیتر,1450000.00,1,/images/p-autoclave.jpg,,new,,,0,,,
81f06933-b984-4e7a-b09c-fcadef2d999e,7839f952-31ec-4d23-af47-64a7c748c333,fb8fa217-7cc5-4bed-9076-bc4960083735,حاصرات تقويم معدنية,براکێتی مەتەلی ڕێکخستن,120000.00,3,/images/p-ortho.jpg,,new,,,0,,,
f932f3e0-f1b5-47a8-b9a7-d12a739e08dc,7839f952-31ec-4d23-af47-64a7c748c333,bcfc51ef-7ea7-4131-83f4-d628c9fcc97a,قبضة بطيئة NSK Student,هەندپیسی هێواشی NSK,240000.00,2,,,new,,,0,,,
a1496b24-3b67-460c-9106-741946b82fe4,ede3daa9-44a5-4c76-94d2-6e6557655b8c,8768f077-4f09-40e8-9613-bf432f2e55bc,كومبوزيت ضوئي A2,کۆمپۆزیتی ڕووناکی A2,72000.00,3,/images/p-composite.jpg,,new,,,0,,,
05a85098-4b76-4e21-9da3-6390e9a56e28,ede3daa9-44a5-4c76-94d2-6e6557655b8c,fb8fa217-7cc5-4bed-9076-bc4960083735,حاصرات تقويم معدنية,براکێتی مەتەلی ڕێکخستن,120000.00,1,/images/p-ortho.jpg,,new,,,0,,,
2f3d4a24-7011-4220-ab8b-11452d671da7,c6053d77-b736-4b36-a78c-eba7874c3d56,8768f077-4f09-40e8-9613-bf432f2e55bc,كومبوزيت ضوئي A2,کۆمپۆزیتی ڕووناکی A2,72000.00,3,/images/p-composite.jpg,,new,,,0,,,
3940ad96-2943-4fbb-aa40-6591923ada2d,c6053d77-b736-4b36-a78c-eba7874c3d56,46c389b4-6013-4d01-ae20-7916f53d0c84,قفازات نتريل (100),دەستکێشی نایترایل (١٠٠),12750.00,3,/images/p-gloves.jpg,,new,,,0,,,
6eddc8df-18bd-4e3c-ae9a-6b86f935a44e,3e89a8a4-9716-41ed-8b08-64f2e60bf03a,bcfc51ef-7ea7-4131-83f4-d628c9fcc97a,قبضة بطيئة NSK Student,هەندپیسی هێواشی NSK,240000.00,3,,,new,,,0,,,
7487bfc1-1c36-45cc-ab30-ac8eea0defec,3e89a8a4-9716-41ed-8b08-64f2e60bf03a,cba8f9b2-cd32-4808-b4c2-003606419dea,Proxyt معجون تلميع,پەستەی سافکردنی Proxyt,42000.00,3,,,new,,,0,,,
5123ac9b-ba09-4acb-94ff-789ed52665d1,2b067149-6c99-44e1-a951-0fcf7808d28b,4f3872e1-8b16-4d1d-8dda-2e4d13684f86,سمنت زجاجي Tokuyama,سیمێنتی شووشەیی Tokuyama,16500.00,2,/images/p-cement.jpg,70a07ff3-7043-4af4-a786-ceaff0562092,pending,percent,12,3960,percent,,
94fb5232-bc32-44af-8942-d538e403d106,2b067149-6c99-44e1-a951-0fcf7808d28b,89613b1e-c4b4-4f6c-98ca-8d939f384559,قفازات نتريل Tokuyama,دەستکێشی نیتریل Tokuyama,30000.00,3,/images/p-gloves.jpg,70a07ff3-7043-4af4-a786-ceaff0562092,pending,percent,12,10800,percent,,
9208ab7e-4531-440f-a9d7-a36eb1c0e0a8,5ff03e68-688a-4207-a10e-460ee2d2010d,c6613509-c907-485b-aa8e-27d128447706,لاصق أسنان Bisco,لینکی ددان Bisco,21000.00,3,/images/p-curing-light.jpg,7d68f829-9d61-47c4-a843-220357f43486,pending,fixed_per_item,750,2250,fixed_per_item,,
bbaae578-20f9-4110-9a33-c198fc04f2e7,5ff03e68-688a-4207-a10e-460ee2d2010d,6ca85bef-b8ae-46d3-adb9-9c71e6f71aa5,كمامات طبية Bisco,دەمامکی پزیشکی Bisco,34500.00,4,/images/p-masks.jpg,7d68f829-9d61-47c4-a843-220357f43486,pending,fixed_per_item,750,3000,fixed_per_item,,
09c728f6-796a-477e-ad3b-7e92b322cbbb,697b3807-ff30-45cb-8b8c-7f30ec89fbe2,e9dd77d0-887d-4976-9876-04e379de1b36,مثقب ألماسي 3M,بۆری ئەڵماس 3M,25500.00,4,/images/p-instruments-set.jpg,9b7ecc92-58ea-4e1a-9b15-541739421ee5,pending,percent,9,9180,percent,,
e81698a4-fcb6-4e15-8935-ea5495348168,697b3807-ff30-45cb-8b8c-7f30ec89fbe2,f5b73e7a-f237-4532-8271-95659dc0a6bc,كماشة خلع 3M,کەلبەتانی دەرهێنان 3M,39000.00,1,/images/p-forceps.jpg,9b7ecc92-58ea-4e1a-9b15-541739421ee5,pending,percent,9,3510,percent,,
00f87d96-6faa-43dd-8e23-1af45f7fa4ed,aa2efab3-c1d6-4ed3-abee-6ee18b4666dc,81cac50f-5312-44fb-8fc0-6d018030b00f,قفازات نتريل Orodeka,دەستکێشی نیتریل Orodeka,30000.00,1,/images/p-gloves.jpg,e557cc88-e944-46eb-be3b-af73d908508e,pending,fixed_per_item,1200,1200,fixed_per_item,,
bd99d03e-6069-41fb-aa0a-5b6447a35ea0,aa2efab3-c1d6-4ed3-abee-6ee18b4666dc,f1f669c5-7666-4310-bb8b-a742587cd464,أسلاك تقويم Orodeka,تەلی ڕێکخستن Orodeka,43500.00,2,/images/p-ortho.jpg,e557cc88-e944-46eb-be3b-af73d908508e,pending,fixed_per_item,1200,2400,fixed_per_item,,
01d4642c-753d-4fe2-8b93-f08d0f12845a,fcfc767b-1283-43ad-80c1-43b4efb7a39c,b8123075-0976-41a3-8e24-6b163e4aed6f,كماشة خلع Tokuyama,کەلبەتانی دەرهێنان Tokuyama,39000.00,3,/images/p-forceps.jpg,70a07ff3-7043-4af4-a786-ceaff0562092,pending,percent,12,14040,percent,,
6fb6b75e-fe93-4322-8d4c-b535f0ccfcc7,fcfc767b-1283-43ad-80c1-43b4efb7a39c,9630dcda-33ff-4da0-9cd4-84cbd43cf09f,مادة طبعات Tokuyama,کەرەستەی داغکردن Tokuyama,52500.00,4,/images/p-composite.jpg,70a07ff3-7043-4af4-a786-ceaff0562092,pending,percent,12,25200,percent,,
e90a82f3-aae4-43d4-b801-b9a7e94e5419,f357bb41-d01e-4665-b27f-2d2f49cdfe32,28241f4b-3544-47c9-8d2f-c38d741cc1db,أسلاك تقويم Bisco,تەلی ڕێکخستن Bisco,43500.00,4,/images/p-ortho.jpg,7d68f829-9d61-47c4-a843-220357f43486,pending,fixed_per_item,750,3000,fixed_per_item,,
a5b45628-21c9-4ad3-a82f-123d868879e0,f357bb41-d01e-4665-b27f-2d2f49cdfe32,5c6a897c-f1be-432b-af58-a94efc4fd001,كومبوزيت حقنة Bisco,کۆمپۆزیتی سیرینج Bisco,12000.00,1,/images/p-composite.jpg,7d68f829-9d61-47c4-a843-220357f43486,pending,fixed_per_item,750,750,fixed_per_item,,
74afcea1-d14e-4c38-904f-4bf7ca6be0fa,4c960d49-8b3d-424f-a32e-0651916ce885,3cf68e82-38cd-4a22-88b9-5f793bdcb865,جهاز تعقيم 3M,ئامێری پاککردنەوە 3M,48000.00,1,/images/p-autoclave.jpg,9b7ecc92-58ea-4e1a-9b15-541739421ee5,pending,percent,9,4320,percent,,
77e3001c-fce4-4dc2-8962-18927a76d60a,4c960d49-8b3d-424f-a32e-0651916ce885,7443afa2-16d7-4e88-9e1c-4f11795374d7,سمنت زجاجي 3M,سیمێنتی شووشەیی 3M,16500.00,2,/images/p-cement.jpg,9b7ecc92-58ea-4e1a-9b15-541739421ee5,pending,percent,9,2970,percent,,
40c49137-338c-443c-8f2b-eea0157aca23,6ffaeb24-25a5-4e7e-9d55-00ed564c6f41,fd35d53d-7774-4ae6-8164-6b08b45b6e27,مادة طبعات Orodeka,کەرەستەی داغکردن Orodeka,52500.00,2,/images/p-composite.jpg,e557cc88-e944-46eb-be3b-af73d908508e,pending,fixed_per_item,1200,2400,fixed_per_item,,
cbfc05de-cdf2-4ffa-bd3b-9e0fc83250af,6ffaeb24-25a5-4e7e-9d55-00ed564c6f41,82efdfae-9758-450a-b0d0-f4e74349def6,لاصق أسنان Orodeka,لینکی ددان Orodeka,21000.00,3,/images/p-curing-light.jpg,e557cc88-e944-46eb-be3b-af73d908508e,pending,fixed_per_item,1200,3600,fixed_per_item,,
214d65d6-0aba-4546-8b6b-182f575e24f4,5182b030-c162-4afa-b7e1-298aa8da91a5,68ac69f6-ce04-4dca-b585-45c88580089c,كومبوزيت حقنة GC,کۆمپۆزیتی سیرینج GC,12000.00,3,/images/p-composite.jpg,8c5cef4e-2041-4f96-8cdd-d37b8c1b423a,pending,percent,10,3600,percent,,
681c1b2c-1004-4bde-a278-609cd3e90fed,5182b030-c162-4afa-b7e1-298aa8da91a5,420e0908-0309-433f-b83f-2480deb4c1bb,مثقب ألماسي GC,بۆری ئەڵماس GC,25500.00,4,/images/p-instruments-set.jpg,8c5cef4e-2041-4f96-8cdd-d37b8c1b423a,pending,percent,10,10200,percent,,
2c8b3db6-0adc-44b6-9388-9a546553c119,0430a94f-97c2-4409-aad1-ffc1f8d3fe8d,3cd34f41-42c4-4fd8-9d68-f1868382a17d,جهاز تعقيم GC,ئامێری پاککردنەوە GC,48000.00,3,/images/p-autoclave.jpg,8c5cef4e-2041-4f96-8cdd-d37b8c1b423a,confirmed,percent,10,14400,percent,,2026-08-21 11:23:04.365351+00
9dde53b4-b13f-487c-818a-c7ebc0467ef6,d3dd4e28-9f47-4145-8132-a83083d9b89e,4f3872e1-8b16-4d1d-8dda-2e4d13684f86,سمنت زجاجي Tokuyama,سیمێنتی شووشەیی Tokuyama,16500.00,4,/images/p-cement.jpg,70a07ff3-7043-4af4-a786-ceaff0562092,pending,percent,12,7920,percent,,
2e647e6b-ad1c-4587-a10d-af6c7a54889f,d3dd4e28-9f47-4145-8132-a83083d9b89e,89613b1e-c4b4-4f6c-98ca-8d939f384559,قفازات نتريل Tokuyama,دەستکێشی نیتریل Tokuyama,30000.00,1,/images/p-gloves.jpg,70a07ff3-7043-4af4-a786-ceaff0562092,pending,percent,12,3600,percent,,
e8c47623-7e7b-4e3c-8761-c72e838b3883,6cc3690e-0710-43d9-9afe-fadd34beb27c,b8123075-0976-41a3-8e24-6b163e4aed6f,كماشة خلع Tokuyama,کەلبەتانی دەرهێنان Tokuyama,39000.00,1,/images/p-forceps.jpg,70a07ff3-7043-4af4-a786-ceaff0562092,pending,percent,12,4680,percent,,
a3ce578c-522b-4698-b9a1-e88ea5b4003d,6cc3690e-0710-43d9-9afe-fadd34beb27c,9630dcda-33ff-4da0-9cd4-84cbd43cf09f,مادة طبعات Tokuyama,کەرەستەی داغکردن Tokuyama,52500.00,2,/images/p-composite.jpg,70a07ff3-7043-4af4-a786-ceaff0562092,pending,percent,12,12600,percent,,
3b2ec553-0b03-4549-b499-1637bc7cf6cc,69ddddbd-74d0-465b-9ce7-fac22c4e4f23,4f3872e1-8b16-4d1d-8dda-2e4d13684f86,سمنت زجاجي Tokuyama,سیمێنتی شووشەیی Tokuyama,16500.00,2,/images/p-cement.jpg,70a07ff3-7043-4af4-a786-ceaff0562092,pending,percent,12,3960,percent,,
bc71a8cc-fae9-469f-9e70-bcc6ed989260,69ddddbd-74d0-465b-9ce7-fac22c4e4f23,89613b1e-c4b4-4f6c-98ca-8d939f384559,قفازات نتريل Tokuyama,دەستکێشی نیتریل Tokuyama,30000.00,3,/images/p-gloves.jpg,70a07ff3-7043-4af4-a786-ceaff0562092,pending,percent,12,10800,percent,,
5633024a-ce0b-4a74-8616-9a6d8fcfd693,af1f7ab3-4f2a-4317-ba26-ba749e7cb58f,c6613509-c907-485b-aa8e-27d128447706,لاصق أسنان Bisco,لینکی ددان Bisco,21000.00,1,/images/p-curing-light.jpg,7d68f829-9d61-47c4-a843-220357f43486,pending,fixed_per_item,750,750,fixed_per_item,,
1996342d-788d-4b17-a96b-2658b4d5299a,af1f7ab3-4f2a-4317-ba26-ba749e7cb58f,6ca85bef-b8ae-46d3-adb9-9c71e6f71aa5,كمامات طبية Bisco,دەمامکی پزیشکی Bisco,34500.00,2,/images/p-masks.jpg,7d68f829-9d61-47c4-a843-220357f43486,pending,fixed_per_item,750,1500,fixed_per_item,,
34db0a30-e8b4-4959-be4a-6b19dff28845,84e16819-0506-4232-959a-27a471d3853b,28241f4b-3544-47c9-8d2f-c38d741cc1db,أسلاك تقويم Bisco,تەلی ڕێکخستن Bisco,43500.00,2,/images/p-ortho.jpg,7d68f829-9d61-47c4-a843-220357f43486,pending,fixed_per_item,750,1500,fixed_per_item,,
897c8fe8-767e-42b6-81fb-22477fdaf32b,84e16819-0506-4232-959a-27a471d3853b,5c6a897c-f1be-432b-af58-a94efc4fd001,كومبوزيت حقنة Bisco,کۆمپۆزیتی سیرینج Bisco,12000.00,3,/images/p-composite.jpg,7d68f829-9d61-47c4-a843-220357f43486,pending,fixed_per_item,750,2250,fixed_per_item,,
c3516cd9-be0f-4f09-9b2c-0b2cc8524504,a41c85ad-262b-4617-a925-0058abe8b998,c6613509-c907-485b-aa8e-27d128447706,لاصق أسنان Bisco,لینکی ددان Bisco,21000.00,3,/images/p-curing-light.jpg,7d68f829-9d61-47c4-a843-220357f43486,pending,fixed_per_item,750,2250,fixed_per_item,,
c0dc70a5-5d1c-4bb3-b78d-461dee90798d,a41c85ad-262b-4617-a925-0058abe8b998,6ca85bef-b8ae-46d3-adb9-9c71e6f71aa5,كمامات طبية Bisco,دەمامکی پزیشکی Bisco,34500.00,4,/images/p-masks.jpg,7d68f829-9d61-47c4-a843-220357f43486,pending,fixed_per_item,750,3000,fixed_per_item,,
8401ac8b-4a10-42fe-8165-483179b58a64,d74338a4-0155-4146-a4c6-11b1d1d0b314,e9dd77d0-887d-4976-9876-04e379de1b36,مثقب ألماسي 3M,بۆری ئەڵماس 3M,25500.00,2,/images/p-instruments-set.jpg,9b7ecc92-58ea-4e1a-9b15-541739421ee5,pending,percent,9,4590,percent,,
eb072d12-7a05-4ad9-bd79-8fad91d7c75c,d74338a4-0155-4146-a4c6-11b1d1d0b314,f5b73e7a-f237-4532-8271-95659dc0a6bc,كماشة خلع 3M,کەلبەتانی دەرهێنان 3M,39000.00,3,/images/p-forceps.jpg,9b7ecc92-58ea-4e1a-9b15-541739421ee5,pending,percent,9,10530,percent,,
ef3b4958-2084-4d57-8969-b41a443b0b9a,d2b6c10e-e724-48e1-9a58-8b3b15b57879,3cf68e82-38cd-4a22-88b9-5f793bdcb865,جهاز تعقيم 3M,ئامێری پاککردنەوە 3M,48000.00,3,/images/p-autoclave.jpg,9b7ecc92-58ea-4e1a-9b15-541739421ee5,pending,percent,9,12960,percent,,
814b90be-2110-4fae-82e5-e57246c414c8,d2b6c10e-e724-48e1-9a58-8b3b15b57879,7443afa2-16d7-4e88-9e1c-4f11795374d7,سمنت زجاجي 3M,سیمێنتی شووشەیی 3M,16500.00,4,/images/p-cement.jpg,9b7ecc92-58ea-4e1a-9b15-541739421ee5,pending,percent,9,5940,percent,,
eb73fcbc-6d2f-4035-904b-31ddcab33bd1,df1ebc43-c903-46ec-9821-70a75677ed97,e9dd77d0-887d-4976-9876-04e379de1b36,مثقب ألماسي 3M,بۆری ئەڵماس 3M,25500.00,4,/images/p-instruments-set.jpg,9b7ecc92-58ea-4e1a-9b15-541739421ee5,pending,percent,9,9180,percent,,
1af4ad85-a9a3-42ba-9e5c-74e74ae17f0b,df1ebc43-c903-46ec-9821-70a75677ed97,f5b73e7a-f237-4532-8271-95659dc0a6bc,كماشة خلع 3M,کەلبەتانی دەرهێنان 3M,39000.00,1,/images/p-forceps.jpg,9b7ecc92-58ea-4e1a-9b15-541739421ee5,pending,percent,9,3510,percent,,
e6f7d104-75ce-45e4-9c97-f75b5f30cc92,ac1737b5-8d2d-46aa-aa4d-061473023fbb,81cac50f-5312-44fb-8fc0-6d018030b00f,قفازات نتريل Orodeka,دەستکێشی نیتریل Orodeka,30000.00,3,/images/p-gloves.jpg,e557cc88-e944-46eb-be3b-af73d908508e,pending,fixed_per_item,1200,3600,fixed_per_item,,
4abdb58d-49ef-4038-b76b-e9d382fa6485,ac1737b5-8d2d-46aa-aa4d-061473023fbb,f1f669c5-7666-4310-bb8b-a742587cd464,أسلاك تقويم Orodeka,تەلی ڕێکخستن Orodeka,43500.00,4,/images/p-ortho.jpg,e557cc88-e944-46eb-be3b-af73d908508e,pending,fixed_per_item,1200,4800,fixed_per_item,,
3069b78a-f193-4c4d-9432-2e4101833f6d,fb01f362-0301-40f0-8c2e-472a494e8907,fd35d53d-7774-4ae6-8164-6b08b45b6e27,مادة طبعات Orodeka,کەرەستەی داغکردن Orodeka,52500.00,4,/images/p-composite.jpg,e557cc88-e944-46eb-be3b-af73d908508e,pending,fixed_per_item,1200,4800,fixed_per_item,,
3cea6fad-cbb6-4a4b-b6c7-261cf863abee,fb01f362-0301-40f0-8c2e-472a494e8907,82efdfae-9758-450a-b0d0-f4e74349def6,لاصق أسنان Orodeka,لینکی ددان Orodeka,21000.00,1,/images/p-curing-light.jpg,e557cc88-e944-46eb-be3b-af73d908508e,pending,fixed_per_item,1200,1200,fixed_per_item,,
2823b63c-f7a2-48b0-a28a-b7551249aafb,d0c19909-f842-4866-bac9-4ebece7b9787,81cac50f-5312-44fb-8fc0-6d018030b00f,قفازات نتريل Orodeka,دەستکێشی نیتریل Orodeka,30000.00,1,/images/p-gloves.jpg,e557cc88-e944-46eb-be3b-af73d908508e,pending,fixed_per_item,1200,1200,fixed_per_item,,
6e4eed8c-54e1-4244-9f96-f0e88b255fc9,d0c19909-f842-4866-bac9-4ebece7b9787,f1f669c5-7666-4310-bb8b-a742587cd464,أسلاك تقويم Orodeka,تەلی ڕێکخستن Orodeka,43500.00,2,/images/p-ortho.jpg,e557cc88-e944-46eb-be3b-af73d908508e,pending,fixed_per_item,1200,2400,fixed_per_item,,
ca7d4eeb-da11-47d0-b60f-fdb9c83ab798,1bd29c69-5cad-4760-b712-d0ce3bb3ac89,68ac69f6-ce04-4dca-b585-45c88580089c,كومبوزيت حقنة GC,کۆمپۆزیتی سیرینج GC,12000.00,1,/images/p-composite.jpg,8c5cef4e-2041-4f96-8cdd-d37b8c1b423a,pending,percent,10,1200,percent,,
511ce0e2-a23d-4285-ad4e-3456e6678671,1bd29c69-5cad-4760-b712-d0ce3bb3ac89,420e0908-0309-433f-b83f-2480deb4c1bb,مثقب ألماسي GC,بۆری ئەڵماس GC,25500.00,2,/images/p-instruments-set.jpg,8c5cef4e-2041-4f96-8cdd-d37b8c1b423a,pending,percent,10,5100,percent,,
ad28bf13-43fb-45f7-89f3-9da7730ccf0b,c91eefbe-b907-4bec-babb-aebceab9509b,7e72a2f8-7ff7-4f45-8ac8-ccd17ccd1324,كومبوزيت حقنة Orodeka,کۆمپۆزیتی سیرینج Orodeka,12000.00,1,/images/p-composite.jpg,e557cc88-e944-46eb-be3b-af73d908508e,new,fixed_per_item,1200,1200,fixed_per_item,,
950473e7-cb03-40c2-a5fe-171bba8e8752,a4aaed9b-2011-4494-8cc5-6391ca2a345a,7e72a2f8-7ff7-4f45-8ac8-ccd17ccd1324,كومبوزيت حقنة Orodeka,کۆمپۆزیتی سیرینج Orodeka,12000.00,1,/images/p-composite.jpg,e557cc88-e944-46eb-be3b-af73d908508e,new,fixed_per_item,1200,1200,fixed_per_item,,
84e87410-bc1a-4582-9ce0-6c06dd13352b,a4aaed9b-2011-4494-8cc5-6391ca2a345a,563b0af9-0235-43ee-befb-6a8a763a81f5,سمنت زجاجي Orodeka,سیمێنتی شووشەیی Orodeka,16500.00,3,/images/p-cement.jpg,e557cc88-e944-46eb-be3b-af73d908508e,new,fixed_per_item,1200,3600,fixed_per_item,,
4a0641c4-35c6-4783-bad4-a2b5177d26cb,c62d446c-43c9-448c-9a9a-68ba263352db,22bc622c-0593-49dc-bfe8-f04b85612b50,جهاز تعقيم Orodeka,ئامێری پاککردنەوە Orodeka,48000.00,1,/images/p-autoclave.jpg,e557cc88-e944-46eb-be3b-af73d908508e,new,fixed_per_item,1200,1200,fixed_per_item,,
b90d9c9f-2813-43b8-88fa-69e3bf858ee1,c62d446c-43c9-448c-9a9a-68ba263352db,f1f669c5-7666-4310-bb8b-a742587cd464,أسلاك تقويم Orodeka,تەلی ڕێکخستن Orodeka,43500.00,2,/images/p-ortho.jpg,e557cc88-e944-46eb-be3b-af73d908508e,new,fixed_per_item,1200,2400,fixed_per_item,,
068cdb0d-e103-475b-b6e9-49a892e5350a,c62d446c-43c9-448c-9a9a-68ba263352db,f6da0c4a-cb52-4052-bf88-45ac485519ea,كماشة خلع Orodeka,کەلبەتانی دەرهێنان Orodeka,39000.00,3,/images/p-forceps.jpg,e557cc88-e944-46eb-be3b-af73d908508e,new,fixed_per_item,1200,3600,fixed_per_item,,
4834f0fc-59ce-4dfe-8630-2bdbc6009f11,c62d446c-43c9-448c-9a9a-68ba263352db,c1bb8481-f4ea-4374-aab6-274773ef48a7,كمامات طبية Orodeka,دەمامکی پزیشکی Orodeka,34500.00,3,/images/p-masks.jpg,e557cc88-e944-46eb-be3b-af73d908508e,new,fixed_per_item,1200,3600,fixed_per_item,,
3355101b-38a6-4766-a6d4-08cf210b3b6b,8930d659-7e1f-40ff-9441-d1c2e372e5d2,a6311b7d-4deb-4214-9136-44e31937e95e,GC luting cement,GC luting cement,24000.00,1,https://www.gc.dental/sea/sites/sea.gc.dental/files/products/images/gold%20label%201.jpg,8c5cef4e-2041-4f96-8cdd-d37b8c1b423a,new,percent,10,2400,percent,,
39e9a427-9d66-48d5-a219-8721de63408d,c1b9f1c8-d21f-4387-bc08-13ead137c897,a6311b7d-4deb-4214-9136-44e31937e95e,GC luting cement,GC luting cement,24000.00,1,https://www.gc.dental/sea/sites/sea.gc.dental/files/products/images/gold%20label%201.jpg,8c5cef4e-2041-4f96-8cdd-d37b8c1b423a,new,percent,10,2400,percent,,
da610358-209c-4e85-acf7-77ee6b6223ef,bb99cf56-4ba5-4eea-889b-d9f6347040ce,4cf627d0-d0fc-4096-b901-b0b3c08f42d9,قفازات نتريل بدون بودرة (100 حبة),دەستکێشی نایترایل بێ پۆدرە (١٠٠ دانە),11000.00,1,/images/p-gloves.jpg,5581377c-f475-42e6-a8ce-89e64a1c95ba,new,fixed_per_item,1250,1250,fixed_per_item,,
0bd76729-d35a-4ae8-95cf-67a7b0004a3f,134541b7-67ef-48d6-b7b7-ffb7ff7e6e4a,4cf627d0-d0fc-4096-b901-b0b3c08f42d9,قفازات نتريل بدون بودرة (100 حبة),دەستکێشی نایترایل بێ پۆدرە (١٠٠ دانە),11000.00,1,/images/p-gloves.jpg,5581377c-f475-42e6-a8ce-89e64a1c95ba,new,fixed_per_item,1250,1250,fixed_per_item,,
c04e0a06-9c59-4900-8e1e-e116f3b086cb,784a9038-ae71-4ae7-849c-071cfb411a23,a6311b7d-4deb-4214-9136-44e31937e95e,GC luting cement,GC luting cement,24000.00,4,https://www.gc.dental/sea/sites/sea.gc.dental/files/products/images/gold%20label%201.jpg,8c5cef4e-2041-4f96-8cdd-d37b8c1b423a,new,percent,10,9600,percent,,
4b3a675e-bc17-4dd0-a084-6bcb4d7d35ca,784a9038-ae71-4ae7-849c-071cfb411a23,39ac8de7-b865-4dd6-a29c-5017fee85c55,أسمنت زجاجي,سیمانی شووشەیی,8112.00,8,/images/p-cement.jpg,,new,,,0,,b13d0094-3a44-421d-bd7f-8f8d3566fe65,
7380f9cb-1de0-4ab0-9095-21be00a9cab3,784a9038-ae71-4ae7-849c-071cfb411a23,fb8fa217-7cc5-4bed-9076-bc4960083735,حاصرات تقويم معدنية,براکێتی مەتەلی ڕێکخستن,18026.00,8,/images/p-ortho.jpg,,new,,,0,,b13d0094-3a44-421d-bd7f-8f8d3566fe65,
258c6826-e6d7-409d-8315-cd2929a09c31,784a9038-ae71-4ae7-849c-071cfb411a23,46c389b4-6013-4d01-ae20-7916f53d0c84,قفازات نتريل (100),دەستکێشی نایترایل (١٠٠),2253.00,8,/images/p-gloves.jpg,,new,,,0,,b13d0094-3a44-421d-bd7f-8f8d3566fe65,
6a612363-8261-4b3b-a7c4-3da69d9e3381,784a9038-ae71-4ae7-849c-071cfb411a23,8768f077-4f09-40e8-9613-bf432f2e55bc,كومبوزيت ضوئي A2,کۆمپۆزیتی ڕووناکی A2,10816.00,8,/images/p-composite.jpg,,new,,,0,,b13d0094-3a44-421d-bd7f-8f8d3566fe65,
297af5e1-4ed8-4bec-83f6-c04fba47c716,784a9038-ae71-4ae7-849c-071cfb411a23,bd1baebf-6a02-4655-b105-26ba718a3f40,جهاز تعقيم أوتوكلاف 18 لتر,ئامێری دەرمانکردن ئۆتۆکلاڤ ١٨ لیتر,174252.00,8,/images/p-autoclave.jpg,,new,,,0,,b13d0094-3a44-421d-bd7f-8f8d3566fe65,
27578891-de6f-47a3-969c-02b3c20d3f45,784a9038-ae71-4ae7-849c-071cfb411a23,516ec8bf-ff24-4cea-84d8-477570bf8262,طقم أدوات فحص الأسنان,سێتی ئامێری پشکنینی ددان,6760.00,8,/images/p-instruments-set.jpg,,new,,,0,,b13d0094-3a44-421d-bd7f-8f8d3566fe65,
083a8e47-fe5c-497b-9915-726c55948fbc,784a9038-ae71-4ae7-849c-071cfb411a23,818cfc1d-807b-463c-a3e1-224694a7c035,ضوء تصليب LED,ڕووناکی توندکردنی LED,22232.00,8,/images/p-curing-light.jpg,,new,,,0,,b13d0094-3a44-421d-bd7f-8f8d3566fe65,
baab80dc-1c97-409d-8a48-d1b2e4ea5d5a,784a9038-ae71-4ae7-849c-071cfb411a23,84ebbb42-5a43-46c1-aebd-45eb57658279,ملقط جراحي مستقيم,مقاشی نەشتەرگەری ڕاست,2704.00,8,/images/p-forceps.jpg,,new,,,0,,b13d0094-3a44-421d-bd7f-8f8d3566fe65,
1361920c-2f78-4ee4-967c-c73c89f664db,2663314d-44d4-4747-a1e8-9d9232a10e08,68ac69f6-ce04-4dca-b585-45c88580089c,كومبوزيت حقنة GC,کۆمپۆزیتی سیرینج GC,12000.00,1,/images/p-composite.jpg,8c5cef4e-2041-4f96-8cdd-d37b8c1b423a,confirmed,percent,10,1200,percent,,2026-08-20 17:50:39.289053+00
4025550a-5911-4b4c-b1d6-4889a0168bae,e4457f66-4e6e-4a19-812a-264f569fba20,,كمامات طبية GC,دەمامکی پزیشکی GC,34500.00,4,/images/p-masks.jpg,8c5cef4e-2041-4f96-8cdd-d37b8c1b423a,confirmed,percent,10,13800,percent,,2026-08-23 17:07:39.418367+00
a6ac7988-f803-4f87-a04a-aa4fe0495707,e4457f66-4e6e-4a19-812a-264f569fba20,3cd34f41-42c4-4fd8-9d68-f1868382a17d,جهاز تعقيم GC,ئامێری پاککردنەوە GC,48000.00,1,/images/p-autoclave.jpg,8c5cef4e-2041-4f96-8cdd-d37b8c1b423a,confirmed,percent,10,4800,percent,,2026-08-23 17:07:40.483482+00
a235d677-380c-48cb-bbc2-df46a1a0e3bb,784a9038-ae71-4ae7-849c-071cfb411a23,1166a3e2-55ed-4924-9f78-edf0742a2c61,كمامات طبية (50),ماسکی پزیشکی (٥٠),1202.00,8,/images/p-masks.jpg,,new,,,0,,b13d0094-3a44-421d-bd7f-8f8d3566fe65,
59c9c21c-195f-4471-888a-ea085739d9fd,784a9038-ae71-4ae7-849c-071cfb411a23,d26e22c8-60cd-4225-a65e-5ec04bf2d43d,أسلاك تقويم NiTi,وایەری NiTi,2643.00,8,/images/p-ortho.jpg,,new,,,0,,b13d0094-3a44-421d-bd7f-8f8d3566fe65,
a8f45293-1656-4fee-ab49-f51684cb7637,3af5ded1-56e7-4e2d-be9f-5e3689ba3f9c,39ac8de7-b865-4dd6-a29c-5017fee85c55,أسمنت زجاجي,سیمانی شووشەیی,8112.00,8,/images/p-cement.jpg,,new,,,0,,b13d0094-3a44-421d-bd7f-8f8d3566fe65,
d2414891-205f-4745-8fc1-f1028dcee8e1,3af5ded1-56e7-4e2d-be9f-5e3689ba3f9c,fb8fa217-7cc5-4bed-9076-bc4960083735,حاصرات تقويم معدنية,براکێتی مەتەلی ڕێکخستن,18026.00,8,/images/p-ortho.jpg,,new,,,0,,b13d0094-3a44-421d-bd7f-8f8d3566fe65,
58d629b1-5071-4723-ae98-8cfd71e8db89,3af5ded1-56e7-4e2d-be9f-5e3689ba3f9c,46c389b4-6013-4d01-ae20-7916f53d0c84,قفازات نتريل (100),دەستکێشی نایترایل (١٠٠),2253.00,8,/images/p-gloves.jpg,,new,,,0,,b13d0094-3a44-421d-bd7f-8f8d3566fe65,
32ee7d00-79ea-41db-9897-c668226055d0,3af5ded1-56e7-4e2d-be9f-5e3689ba3f9c,8768f077-4f09-40e8-9613-bf432f2e55bc,كومبوزيت ضوئي A2,کۆمپۆزیتی ڕووناکی A2,10816.00,8,/images/p-composite.jpg,,new,,,0,,b13d0094-3a44-421d-bd7f-8f8d3566fe65,
fd315e3b-0e02-48a9-861e-2a843ce20c72,3af5ded1-56e7-4e2d-be9f-5e3689ba3f9c,bd1baebf-6a02-4655-b105-26ba718a3f40,جهاز تعقيم أوتوكلاف 18 لتر,ئامێری دەرمانکردن ئۆتۆکلاڤ ١٨ لیتر,174252.00,8,/images/p-autoclave.jpg,,new,,,0,,b13d0094-3a44-421d-bd7f-8f8d3566fe65,
dbad6586-1338-4dd6-b45d-cd1b0b705bae,3af5ded1-56e7-4e2d-be9f-5e3689ba3f9c,516ec8bf-ff24-4cea-84d8-477570bf8262,طقم أدوات فحص الأسنان,سێتی ئامێری پشکنینی ددان,6760.00,8,/images/p-instruments-set.jpg,,new,,,0,,b13d0094-3a44-421d-bd7f-8f8d3566fe65,
721894ca-a8ac-4b1f-b7f5-9487a2588d50,3af5ded1-56e7-4e2d-be9f-5e3689ba3f9c,818cfc1d-807b-463c-a3e1-224694a7c035,ضوء تصليب LED,ڕووناکی توندکردنی LED,22232.00,8,/images/p-curing-light.jpg,,new,,,0,,b13d0094-3a44-421d-bd7f-8f8d3566fe65,
f90cd81c-d2ec-48aa-919f-7e5a70d0b39b,3af5ded1-56e7-4e2d-be9f-5e3689ba3f9c,84ebbb42-5a43-46c1-aebd-45eb57658279,ملقط جراحي مستقيم,مقاشی نەشتەرگەری ڕاست,2704.00,8,/images/p-forceps.jpg,,new,,,0,,b13d0094-3a44-421d-bd7f-8f8d3566fe65,
73a517f8-ccb5-4955-a312-1bc57398b4d4,3af5ded1-56e7-4e2d-be9f-5e3689ba3f9c,1166a3e2-55ed-4924-9f78-edf0742a2c61,كمامات طبية (50),ماسکی پزیشکی (٥٠),1202.00,8,/images/p-masks.jpg,,new,,,0,,b13d0094-3a44-421d-bd7f-8f8d3566fe65,
5cddccfe-6df1-4c67-a8ac-63afa582c25c,3af5ded1-56e7-4e2d-be9f-5e3689ba3f9c,d26e22c8-60cd-4225-a65e-5ec04bf2d43d,أسلاك تقويم NiTi,وایەری NiTi,2643.00,8,/images/p-ortho.jpg,,new,,,0,,b13d0094-3a44-421d-bd7f-8f8d3566fe65,
60229684-2a3f-4831-a7cc-32a2f83af286,3af5ded1-56e7-4e2d-be9f-5e3689ba3f9c,4cf627d0-d0fc-4096-b901-b0b3c08f42d9,قفازات نتريل بدون بودرة (100 حبة),دەستکێشی نایترایل بێ پۆدرە (١٠٠ دانە),11000.00,1,/images/p-gloves.jpg,5581377c-f475-42e6-a8ce-89e64a1c95ba,new,fixed_per_item,1250,1250,fixed_per_item,,
93beeb8d-5206-4cdd-aecf-c3c2dc624e63,67b8af4a-d20f-4c30-9c33-41290af77828,39ac8de7-b865-4dd6-a29c-5017fee85c55,أسمنت زجاجي,سیمانی شووشەیی,8112.00,5,/images/p-cement.jpg,,new,,,0,,b13d0094-3a44-421d-bd7f-8f8d3566fe65,
793f4d1b-3602-4745-8fbf-c07fe24fb825,67b8af4a-d20f-4c30-9c33-41290af77828,fb8fa217-7cc5-4bed-9076-bc4960083735,حاصرات تقويم معدنية,براکێتی مەتەلی ڕێکخستن,18026.00,5,/images/p-ortho.jpg,,new,,,0,,b13d0094-3a44-421d-bd7f-8f8d3566fe65,
7c70cdef-07c4-475d-9f52-730f6088f8b0,67b8af4a-d20f-4c30-9c33-41290af77828,46c389b4-6013-4d01-ae20-7916f53d0c84,قفازات نتريل (100),دەستکێشی نایترایل (١٠٠),2253.00,5,/images/p-gloves.jpg,,new,,,0,,b13d0094-3a44-421d-bd7f-8f8d3566fe65,
dadbb009-fbfb-4171-9daa-ddde1e30c263,67b8af4a-d20f-4c30-9c33-41290af77828,8768f077-4f09-40e8-9613-bf432f2e55bc,كومبوزيت ضوئي A2,کۆمپۆزیتی ڕووناکی A2,10816.00,5,/images/p-composite.jpg,,new,,,0,,b13d0094-3a44-421d-bd7f-8f8d3566fe65,
49d08227-4a28-469b-801a-7724fa31dc84,67b8af4a-d20f-4c30-9c33-41290af77828,bd1baebf-6a02-4655-b105-26ba718a3f40,جهاز تعقيم أوتوكلاف 18 لتر,ئامێری دەرمانکردن ئۆتۆکلاڤ ١٨ لیتر,174252.00,5,/images/p-autoclave.jpg,,new,,,0,,b13d0094-3a44-421d-bd7f-8f8d3566fe65,
f7f1fca7-3870-4d90-b27f-7bff16a89a22,67b8af4a-d20f-4c30-9c33-41290af77828,516ec8bf-ff24-4cea-84d8-477570bf8262,طقم أدوات فحص الأسنان,سێتی ئامێری پشکنینی ددان,6760.00,5,/images/p-instruments-set.jpg,,new,,,0,,b13d0094-3a44-421d-bd7f-8f8d3566fe65,
65ae3a73-195b-4813-ba5e-46b79d9f4738,67b8af4a-d20f-4c30-9c33-41290af77828,818cfc1d-807b-463c-a3e1-224694a7c035,ضوء تصليب LED,ڕووناکی توندکردنی LED,22232.00,5,/images/p-curing-light.jpg,,new,,,0,,b13d0094-3a44-421d-bd7f-8f8d3566fe65,
e9bf86a6-4544-4749-9a9a-289777c70a97,67b8af4a-d20f-4c30-9c33-41290af77828,84ebbb42-5a43-46c1-aebd-45eb57658279,ملقط جراحي مستقيم,مقاشی نەشتەرگەری ڕاست,2704.00,5,/images/p-forceps.jpg,,new,,,0,,b13d0094-3a44-421d-bd7f-8f8d3566fe65,
ddb4d897-22fd-49fb-acc9-21008dc320dc,67b8af4a-d20f-4c30-9c33-41290af77828,1166a3e2-55ed-4924-9f78-edf0742a2c61,كمامات طبية (50),ماسکی پزیشکی (٥٠),1202.00,5,/images/p-masks.jpg,,new,,,0,,b13d0094-3a44-421d-bd7f-8f8d3566fe65,
716af211-7fce-4a25-98ac-d9a44b1cdb67,67b8af4a-d20f-4c30-9c33-41290af77828,d26e22c8-60cd-4225-a65e-5ec04bf2d43d,أسلاك تقويم NiTi,وایەری NiTi,2643.00,5,/images/p-ortho.jpg,,new,,,0,,b13d0094-3a44-421d-bd7f-8f8d3566fe65,
71c4b27c-8eb4-4915-8e96-8a3ddf4bdf26,0b9ff7bd-ea1e-447c-b9aa-218ebb2d55ec,39ac8de7-b865-4dd6-a29c-5017fee85c55,أسمنت زجاجي,سیمانی شووشەیی,8112.00,1,/images/p-cement.jpg,,new,,,0,,b13d0094-3a44-421d-bd7f-8f8d3566fe65,
f42ef7a7-1443-4144-ba13-039977040cb6,0b9ff7bd-ea1e-447c-b9aa-218ebb2d55ec,fb8fa217-7cc5-4bed-9076-bc4960083735,حاصرات تقويم معدنية,براکێتی مەتەلی ڕێکخستن,18026.00,1,/images/p-ortho.jpg,,new,,,0,,b13d0094-3a44-421d-bd7f-8f8d3566fe65,
2871d46a-57ea-4ce9-b91c-c127cef9121c,0b9ff7bd-ea1e-447c-b9aa-218ebb2d55ec,46c389b4-6013-4d01-ae20-7916f53d0c84,قفازات نتريل (100),دەستکێشی نایترایل (١٠٠),2253.00,1,/images/p-gloves.jpg,,new,,,0,,b13d0094-3a44-421d-bd7f-8f8d3566fe65,
dbb6e821-0966-4822-8696-d89bef4560ed,0b9ff7bd-ea1e-447c-b9aa-218ebb2d55ec,8768f077-4f09-40e8-9613-bf432f2e55bc,كومبوزيت ضوئي A2,کۆمپۆزیتی ڕووناکی A2,10816.00,1,/images/p-composite.jpg,,new,,,0,,b13d0094-3a44-421d-bd7f-8f8d3566fe65,
9d60d62e-b82b-4750-b621-113989ad66fe,0b9ff7bd-ea1e-447c-b9aa-218ebb2d55ec,bd1baebf-6a02-4655-b105-26ba718a3f40,جهاز تعقيم أوتوكلاف 18 لتر,ئامێری دەرمانکردن ئۆتۆکلاڤ ١٨ لیتر,174252.00,1,/images/p-autoclave.jpg,,new,,,0,,b13d0094-3a44-421d-bd7f-8f8d3566fe65,
10214cd6-c5b7-4236-8aae-44b8679d01f2,0b9ff7bd-ea1e-447c-b9aa-218ebb2d55ec,516ec8bf-ff24-4cea-84d8-477570bf8262,طقم أدوات فحص الأسنان,سێتی ئامێری پشکنینی ددان,6760.00,1,/images/p-instruments-set.jpg,,new,,,0,,b13d0094-3a44-421d-bd7f-8f8d3566fe65,
e95657f8-68db-492a-89ee-88e960b54e7f,0b9ff7bd-ea1e-447c-b9aa-218ebb2d55ec,818cfc1d-807b-463c-a3e1-224694a7c035,ضوء تصليب LED,ڕووناکی توندکردنی LED,22232.00,1,/images/p-curing-light.jpg,,new,,,0,,b13d0094-3a44-421d-bd7f-8f8d3566fe65,
5de9eff1-b452-4d50-8267-c02a7c01e0cd,0b9ff7bd-ea1e-447c-b9aa-218ebb2d55ec,84ebbb42-5a43-46c1-aebd-45eb57658279,ملقط جراحي مستقيم,مقاشی نەشتەرگەری ڕاست,2704.00,1,/images/p-forceps.jpg,,new,,,0,,b13d0094-3a44-421d-bd7f-8f8d3566fe65,
3234c373-b2d4-43d8-a046-1555ebbbd9cc,0b9ff7bd-ea1e-447c-b9aa-218ebb2d55ec,1166a3e2-55ed-4924-9f78-edf0742a2c61,كمامات طبية (50),ماسکی پزیشکی (٥٠),1202.00,1,/images/p-masks.jpg,,new,,,0,,b13d0094-3a44-421d-bd7f-8f8d3566fe65,
afab713f-9e36-4387-8ec2-d372244b4443,0b9ff7bd-ea1e-447c-b9aa-218ebb2d55ec,d26e22c8-60cd-4225-a65e-5ec04bf2d43d,أسلاك تقويم NiTi,وایەری NiTi,2643.00,1,/images/p-ortho.jpg,,new,,,0,,b13d0094-3a44-421d-bd7f-8f8d3566fe65,
5600b47d-94d8-45bc-8419-0f47d0bc9c9c,e3f1656d-5b2f-44ab-a8a1-58e922f43013,82efdfae-9758-450a-b0d0-f4e74349def6,لاصق أسنان Orodeka,لینکی ددان Orodeka,21000.00,3,/images/p-curing-light.jpg,e557cc88-e944-46eb-be3b-af73d908508e,new,fixed_per_item,1200,3600,fixed_per_item,,
a037d4b0-ee9f-40e1-a4f6-785ee9a4d06d,e3f1656d-5b2f-44ab-a8a1-58e922f43013,563b0af9-0235-43ee-befb-6a8a763a81f5,سمنت زجاجي Orodeka,سیمێنتی شووشەیی Orodeka,16500.00,2,/images/p-cement.jpg,e557cc88-e944-46eb-be3b-af73d908508e,new,fixed_per_item,1200,2400,fixed_per_item,,
811eff74-d3d6-4c8e-8429-2e91c98e32df,e3f1656d-5b2f-44ab-a8a1-58e922f43013,c85243c2-3d80-4d93-b6f1-f6c2b2105c23,كومبوزيت حقنة 3M,کۆمپۆزیتی سیرینج 3M,9600.00,3,/images/p-composite.jpg,9b7ecc92-58ea-4e1a-9b15-541739421ee5,new,percent,9,2592,percent,,
0c97d9e1-8732-4d8a-bf4c-dc9bc84ba34d,e3f1656d-5b2f-44ab-a8a1-58e922f43013,7e72a2f8-7ff7-4f45-8ac8-ccd17ccd1324,كومبوزيت حقنة Orodeka,کۆمپۆزیتی سیرینج Orodeka,12000.00,2,/images/p-composite.jpg,e557cc88-e944-46eb-be3b-af73d908508e,new,fixed_per_item,1200,2400,fixed_per_item,,
804ac7fe-b89d-443b-9fb7-3439314810f9,2663314d-44d4-4747-a1e8-9d9232a10e08,420e0908-0309-433f-b83f-2480deb4c1bb,مثقب ألماسي GC,بۆری ئەڵماس GC,25500.00,2,/images/p-instruments-set.jpg,8c5cef4e-2041-4f96-8cdd-d37b8c1b423a,confirmed,percent,10,5100,percent,,2026-08-20 17:50:39.289053+00
9696c4d1-7036-4595-8b05-b68c57665008,0430a94f-97c2-4409-aad1-ffc1f8d3fe8d,,كمامات طبية GC,دەمامکی پزیشکی GC,34500.00,2,/images/p-masks.jpg,8c5cef4e-2041-4f96-8cdd-d37b8c1b423a,confirmed,percent,10,6900,percent,,2026-08-21 11:23:04.365351+00
0b286127-d46a-4096-9b40-61867885586c,25a841a6-43f6-4cb8-a8e2-bb2107d71cce,038af005-0009-4939-9404-5c19e6d08893,Rhodium matrix,Rhodium matrix,10000.00,3,https://jrkwxgdclonsyzdutgjs.supabase.co/storage/v1/object/sign/products/8c5cef4e-2041-4f96-8cdd-d37b8c1b423a/ef6aa1e8-be5b-4dee-8fed-ca09090c5c7d.webp?token=eyJraWQiOiJzdG9yYWdlLXVybC1zaWduaW5nLWtleV8xODRkZjA3OC0yMjJhLTQyNGMtYWI0ZC1kYjY2ODEwMWRmNmEiLCJhbGciOiJIUzI1NiJ9.eyJ1cmwiOiJwcm9kdWN0cy84YzVjZWY0ZS0yMDQxLTRmOTYtOGNkZC1kMzdiOGMxYjQyM2EvZWY2YWExZTgtYmU1Yi00ZGVlLThmZWQtY2EwOTA5MGM1YzdkLndlYnAiLCJzY29wZSI6ImRvd25sb2FkIiwiaWF0IjoxNzg3NDA3MDI1LCJleHAiOjIxMDI3NjcwMjV9.uGOSsZVJS3XTHt1apm1OUQoHVxegFtFO1wcBaFpr2ks,8c5cef4e-2041-4f96-8cdd-d37b8c1b423a,confirmed,percent,10,3000,percent,,2026-08-22 14:05:58.906175+00
aee5bbec-11a9-4e12-914e-c731f18518fa,ed7429ad-6b87-40db-b275-0f61d3038df2,a6311b7d-4deb-4214-9136-44e31937e95e,GC luting cement,GC luting cement,15152.00,1,https://www.gc.dental/sea/sites/sea.gc.dental/files/products/images/gold%20label%201.jpg,8c5cef4e-2041-4f96-8cdd-d37b8c1b423a,confirmed,percent,10,1515,percent,60066355-e088-4e99-bd5e-788a3bdda212,2026-08-23 17:03:08.454157+00
5bc68bd4-b173-4116-82a7-699898bdcd2e,ed7429ad-6b87-40db-b275-0f61d3038df2,45839fde-4d23-4098-9588-bed9f366bc4b,"Test + 20,000","Test + 20,000",3030.00,1,,8c5cef4e-2041-4f96-8cdd-d37b8c1b423a,confirmed,percent,10,303,percent,60066355-e088-4e99-bd5e-788a3bdda212,2026-08-23 17:03:22.069393+00
b97fa3d4-60c4-45b3-98ca-6a93200b6a0a,ed7429ad-6b87-40db-b275-0f61d3038df2,e898bb29-7f2e-43ad-a5b8-6ddb0bf1dc66,سمنت زجاجي GC,سیمێنتی شووشەیی GC,3030.00,1,/images/p-cement.jpg,8c5cef4e-2041-4f96-8cdd-d37b8c1b423a,confirmed,percent,10,303,percent,60066355-e088-4e99-bd5e-788a3bdda212,2026-08-23 17:03:25.692999+00
265033e2-3f7e-446d-8b8b-3724186bc6b1,ed7429ad-6b87-40db-b275-0f61d3038df2,8d181d69-ab79-45ee-97f4-578e538da64a,لاصق أسنان GC,لینکی ددان GC,12727.00,1,/images/p-curing-light.jpg,8c5cef4e-2041-4f96-8cdd-d37b8c1b423a,confirmed,percent,10,1273,percent,60066355-e088-4e99-bd5e-788a3bdda212,2026-08-23 17:03:27.883728+00
5387e434-520f-4835-be9d-ec4f28840826,ed7429ad-6b87-40db-b275-0f61d3038df2,420e0908-0309-433f-b83f-2480deb4c1bb,مثقب ألماسي GC,بۆری ئەڵماس GC,15455.00,1,/images/p-instruments-set.jpg,8c5cef4e-2041-4f96-8cdd-d37b8c1b423a,confirmed,percent,10,1546,percent,60066355-e088-4e99-bd5e-788a3bdda212,2026-08-23 17:03:28.952068+00
8f418e0b-f422-4acd-8d0c-a3ab7406bb54,ed7429ad-6b87-40db-b275-0f61d3038df2,0a61a018-1137-4564-b17d-46f7458a5b0b,أسلاك تقويم GC,تەلی ڕێکخستن GC,606.00,1,/images/p-ortho.jpg,8c5cef4e-2041-4f96-8cdd-d37b8c1b423a,confirmed,percent,10,61,percent,60066355-e088-4e99-bd5e-788a3bdda212,2026-08-23 17:03:30.033358+00
