id,category_id,name_ar,name_ku,description_ar,description_ku,brand,sku,price,compare_price,stock,image_url,is_active,is_featured,created_at,updated_at,vendor_id,badges,expiry_date,clearance_kind,stocked_since,batch_no,catalog_item_id,reward_multiplier,reward_bonus_points
e23617c5-9494-42f7-9be3-a437ee6f8317,5868c47f-4785-49bb-8f87-56735ff83592,كومبوزيت Filtek Z350 XT حقنة 4غم,کۆمپۆزیتی Filtek Z350 XT ٤گم,كومبوزيت نانو للترميم الأمامي والخلفي، حقنة 4 غرام.,کۆمپۆزیتی نانۆ بۆ ڕێستۆری پێشەوە و دواوە، ٤ گرام.,3M,DEMO-FILTEK-3MD,32000.00,41000.00,40,/images/p-composite.jpg,t,f,2026-08-22 04:32:13.964864+00,2026-08-22 04:32:13.964864+00,9b7ecc92-58ea-4e1a-9b15-541739421ee5,{},,none,,,34e662f8-6692-4c0e-82a2-5c59d35c7032,1,0
6efedc56-472d-4c0d-a82f-0555e9c38121,51cca89f-6cb4-4656-ae22-354da2f9ed55,قفازات نتريل بدون بودرة (100 حبة),دەستکێشی نایترایل بێ پۆدرە (١٠٠ دانە),قفازات فحص نتريل خالية من البودرة، عبوة 100 حبة.,دەستکێشی پشکنینی نایترایل بێ پۆدرە، پاکەتی ١٠٠ دانە.,3M,DEMO-NITRILE-3MD,14000.00,23000.00,40,/images/p-gloves.jpg,t,f,2026-08-22 04:32:13.964864+00,2026-08-22 04:32:13.964864+00,9b7ecc92-58ea-4e1a-9b15-541739421ee5,{},,none,,,71b50e12-8fcd-4115-9945-4cc01f53fb0c,1,0
0c5f5705-b165-442a-97ec-f26eb893b477,5868c47f-4785-49bb-8f87-56735ff83592,كومبوزيت Filtek Z350 XT حقنة 4غم,کۆمپۆزیتی Filtek Z350 XT ٤گم,كومبوزيت نانو للترميم الأمامي والخلفي، حقنة 4 غرام.,کۆمپۆزیتی نانۆ بۆ ڕێستۆری پێشەوە و دواوە، ٤ گرام.,3M,DEMO-FILTEK-BSC,34500.00,41000.00,65,/images/p-composite.jpg,t,f,2026-08-22 04:32:13.964864+00,2026-08-22 04:32:13.964864+00,7d68f829-9d61-47c4-a843-220357f43486,{},,none,,,34e662f8-6692-4c0e-82a2-5c59d35c7032,1,0
cb405cba-e40d-47cd-bbd3-8c15c5d6c8e7,51cca89f-6cb4-4656-ae22-354da2f9ed55,قفازات نتريل بدون بودرة (100 حبة),دەستکێشی نایترایل بێ پۆدرە (١٠٠ دانە),قفازات فحص نتريل خالية من البودرة، عبوة 100 حبة.,دەستکێشی پشکنینی نایترایل بێ پۆدرە، پاکەتی ١٠٠ دانە.,3M,DEMO-NITRILE-BSC,16500.00,23000.00,65,/images/p-gloves.jpg,t,f,2026-08-22 04:32:13.964864+00,2026-08-22 04:32:13.964864+00,7d68f829-9d61-47c4-a843-220357f43486,{},,none,,,71b50e12-8fcd-4115-9945-4cc01f53fb0c,1,0
48efaf25-e6c4-4b3a-bf44-1db39e7a4939,5868c47f-4785-49bb-8f87-56735ff83592,كومبوزيت Filtek Z350 XT حقنة 4غم,کۆمپۆزیتی Filtek Z350 XT ٤گم,كومبوزيت نانو للترميم الأمامي والخلفي، حقنة 4 غرام.,کۆمپۆزیتی نانۆ بۆ ڕێستۆری پێشەوە و دواوە، ٤ گرام.,3M,DEMO-FILTEK-GCI,30500.00,41000.00,25,/images/p-composite.jpg,t,f,2026-08-22 04:32:13.964864+00,2026-08-22 04:32:13.964864+00,8c5cef4e-2041-4f96-8cdd-d37b8c1b423a,{},,none,,,34e662f8-6692-4c0e-82a2-5c59d35c7032,1,0
71961be5-c72b-4a21-a80e-86e8f0cc04de,51cca89f-6cb4-4656-ae22-354da2f9ed55,قفازات نتريل بدون بودرة (100 حبة),دەستکێشی نایترایل بێ پۆدرە (١٠٠ دانە),قفازات فحص نتريل خالية من البودرة، عبوة 100 حبة.,دەستکێشی پشکنینی نایترایل بێ پۆدرە، پاکەتی ١٠٠ دانە.,3M,DEMO-NITRILE-GCI,12500.00,23000.00,25,/images/p-gloves.jpg,t,f,2026-08-22 04:32:13.964864+00,2026-08-22 04:32:13.964864+00,8c5cef4e-2041-4f96-8cdd-d37b8c1b423a,{},,none,,,71b50e12-8fcd-4115-9945-4cc01f53fb0c,1,0
41bd5ef8-f12b-4eae-8be8-b55151b520d2,5868c47f-4785-49bb-8f87-56735ff83592,كومبوزيت Filtek Z350 XT حقنة 4غم,کۆمپۆزیتی Filtek Z350 XT ٤گم,كومبوزيت نانو للترميم الأمامي والخلفي، حقنة 4 غرام.,کۆمپۆزیتی نانۆ بۆ ڕێستۆری پێشەوە و دواوە، ٤ گرام.,3M,DEMO-FILTEK-ORO,36000.00,41000.00,80,/images/p-composite.jpg,t,f,2026-08-22 04:32:13.964864+00,2026-08-22 04:32:13.964864+00,e557cc88-e944-46eb-be3b-af73d908508e,{},,none,,,34e662f8-6692-4c0e-82a2-5c59d35c7032,1,0
2800f511-2e2b-4c84-a7e2-0a7e84a6bfa2,51cca89f-6cb4-4656-ae22-354da2f9ed55,قفازات نتريل بدون بودرة (100 حبة),دەستکێشی نایترایل بێ پۆدرە (١٠٠ دانە),قفازات فحص نتريل خالية من البودرة، عبوة 100 حبة.,دەستکێشی پشکنینی نایترایل بێ پۆدرە، پاکەتی ١٠٠ دانە.,3M,DEMO-NITRILE-ORO,18000.00,23000.00,80,/images/p-gloves.jpg,t,f,2026-08-22 04:32:13.964864+00,2026-08-22 04:32:13.964864+00,e557cc88-e944-46eb-be3b-af73d908508e,{},,none,,,71b50e12-8fcd-4115-9945-4cc01f53fb0c,1,0
8a8b19d8-82d3-4233-a2fc-bc354b1487ac,5868c47f-4785-49bb-8f87-56735ff83592,كومبوزيت Filtek Z350 XT حقنة 4غم,کۆمپۆزیتی Filtek Z350 XT ٤گم,كومبوزيت نانو للترميم الأمامي والخلفي، حقنة 4 غرام.,کۆمپۆزیتی نانۆ بۆ ڕێستۆری پێشەوە و دواوە، ٤ گرام.,3M,DEMO-FILTEK-TOK,33200.00,41000.00,52,/images/p-composite.jpg,t,f,2026-08-22 04:32:13.964864+00,2026-08-22 04:32:13.964864+00,70a07ff3-7043-4af4-a786-ceaff0562092,{},,none,,,34e662f8-6692-4c0e-82a2-5c59d35c7032,1,0
1678b960-c428-436f-9c5c-ac147ea977b1,51cca89f-6cb4-4656-ae22-354da2f9ed55,قفازات نتريل بدون بودرة (100 حبة),دەستکێشی نایترایل بێ پۆدرە (١٠٠ دانە),قفازات فحص نتريل خالية من البودرة، عبوة 100 حبة.,دەستکێشی پشکنینی نایترایل بێ پۆدرە، پاکەتی ١٠٠ دانە.,3M,DEMO-NITRILE-TOK,15200.00,23000.00,52,/images/p-gloves.jpg,t,f,2026-08-22 04:32:13.964864+00,2026-08-22 04:32:13.964864+00,70a07ff3-7043-4af4-a786-ceaff0562092,{},,none,,,71b50e12-8fcd-4115-9945-4cc01f53fb0c,1,0
ca7cb17e-1c8c-483b-a2f3-71065d2c4917,5868c47f-4785-49bb-8f87-56735ff83592,كومبوزيت Filtek Z350 XT حقنة 4غم,کۆمپۆزیتی Filtek Z350 XT ٤گم,كومبوزيت نانو للترميم الأمامي والخلفي، حقنة 4 غرام.,کۆمپۆزیتی نانۆ بۆ ڕێستۆری پێشەوە و دواوە، ٤ گرام.,3M,DEMO-FILTEK-WAL,29000.00,41000.00,10,/images/p-composite.jpg,t,f,2026-08-22 04:32:13.964864+00,2026-08-22 04:32:13.964864+00,5581377c-f475-42e6-a8ce-89e64a1c95ba,{},,none,,,34e662f8-6692-4c0e-82a2-5c59d35c7032,1,0
516ec8bf-ff24-4cea-84d8-477570bf8262,9f0bd8cc-a30b-44d2-b298-76670f74723a,طقم أدوات فحص الأسنان,سێتی ئامێری پشکنینی ددان,طقم ستانلس ستيل 5 قطع,سێتی ستەینلێس ستیل ٥ پارچە,DentPro,DP-1001,45000.00,60000.00,40,/images/p-instruments-set.jpg,t,t,2026-08-19 09:29:21.208405+00,2026-08-22 04:25:05.423884+00,,{},,none,,,832a7a58-c871-4e87-8119-4bf96af8eb15,1,0
4cf627d0-d0fc-4096-b901-b0b3c08f42d9,51cca89f-6cb4-4656-ae22-354da2f9ed55,قفازات نتريل بدون بودرة (100 حبة),دەستکێشی نایترایل بێ پۆدرە (١٠٠ دانە),قفازات فحص نتريل خالية من البودرة، عبوة 100 حبة.,دەستکێشی پشکنینی نایترایل بێ پۆدرە، پاکەتی ١٠٠ دانە.,3M,DEMO-NITRILE-WAL,11000.00,23000.00,10,/images/p-gloves.jpg,t,f,2026-08-22 04:32:13.964864+00,2026-08-22 04:32:13.964864+00,5581377c-f475-42e6-a8ce-89e64a1c95ba,{},,none,,,71b50e12-8fcd-4115-9945-4cc01f53fb0c,1,0
84ebbb42-5a43-46c1-aebd-45eb57658279,9f0bd8cc-a30b-44d2-b298-76670f74723a,ملقط جراحي مستقيم,مقاشی نەشتەرگەری ڕاست,ملقط عالي الدقة,مقاشی وردی بەرز,DentPro,DP-1002,18000.00,25000.00,60,/images/p-forceps.jpg,t,f,2026-08-19 09:29:21.208405+00,2026-08-22 04:25:05.423884+00,,{},,none,,,71a5be5a-0e46-4b18-ac7c-7fdd771cf6c7,1,0
45839fde-4d23-4098-9588-bed9f366bc4b,,"Test + 20,000","Test + 20,000","","",GC,"",5000.00,1000.00,1,,t,f,2026-08-21 10:05:21.223869+00,2026-08-22 04:25:05.423884+00,8c5cef4e-2041-4f96-8cdd-d37b8c1b423a,"{limited,gift,hot,premium,discount,freeship,special,trending,new,bestseller}",,none,,,eb577a0d-20b4-4557-86d2-8e90d74f6768,1,0
818cfc1d-807b-463c-a3e1-224694a7c035,fa22af05-590d-48b6-b065-7318f2e84ea7,ضوء تصليب LED,ڕووناکی توندکردنی LED,بطارية طويلة الأمد,باتریی دوورخایەن,MediTech,MT-5002,148000.00,240000.00,12,/images/p-curing-light.jpg,t,f,2026-08-19 09:29:21.208405+00,2026-08-22 04:25:05.423884+00,,{},,outlet,2025-06-21,,121a2a74-6104-4892-a0d8-e8eadc7fa984,1,0
c174ef26-f847-400b-8964-9dca54d87f94,e121d991-00b7-414b-9c46-7cee49ca68e4,كمبوزيت Filtek Z350 XT,کۆمپۆزیتی Filtek Z350 XT,"","",3M,3M-001,68000.00,85000.00,25,,t,f,2026-08-19 10:58:25.119305+00,2026-08-22 04:25:05.423884+00,,{},,none,,,a6a77cdd-7635-4a63-bcc1-0d519644a63a,1,0
a6311b7d-4deb-4214-9136-44e31937e95e,,GC luting cement,GC luting cement,"","",GC,"",25000.00,100000.00,50,https://www.gc.dental/sea/sites/sea.gc.dental/files/products/images/gold%20label%201.jpg,t,f,2026-08-21 13:59:13.030582+00,2026-08-22 09:23:09.742363+00,8c5cef4e-2041-4f96-8cdd-d37b8c1b423a,{trending},2026-12-31,near_expiry,,,2cf722fe-49b8-4fa6-b518-092fab9b5289,1,0
42906d72-850b-4cce-b05c-a933f3f845ab,e121d991-00b7-414b-9c46-7cee49ca68e4,Rebase II مادة إعادة قاعدة,Rebase II مادەی بنکەی نوێ,"","",Tokuyama,TOKU-005,88000.00,105000.00,25,,t,f,2026-08-19 10:58:25.119305+00,2026-08-22 04:25:05.423884+00,,{},,none,,,0b51ba61-b038-4b2e-a611-d3e3d1113859,1,0
1166a3e2-55ed-4924-9f78-edf0742a2c61,51cca89f-6cb4-4656-ae22-354da2f9ed55,كمامات طبية (50),ماسکی پزیشکی (٥٠),ثلاث طبقات,سێ چین,SafeHand,SH-4002,8000.00,12000.00,300,/images/p-masks.jpg,t,f,2026-08-19 09:29:21.208405+00,2026-08-22 04:25:05.423884+00,,{},,none,,,f32dea6b-802c-4761-b327-3fbcb218ffb2,1,0
bd1baebf-6a02-4655-b105-26ba718a3f40,fa22af05-590d-48b6-b065-7318f2e84ea7,جهاز تعقيم أوتوكلاف 18 لتر,ئامێری دەرمانکردن ئۆتۆکلاڤ ١٨ لیتر,تعقيم سريع وآمن,دەرمانکردنی خێرا و سەلامەت,MediTech,MT-5001,1160000.00,1800000.00,5,/images/p-autoclave.jpg,t,t,2026-08-19 09:29:21.208405+00,2026-08-22 04:25:05.423884+00,,"{premium,hot,new,freeship}",,outlet,2025-06-21,,dd74a861-8c72-4f1f-bc7f-26338743b033,1,0
7cdeb3b4-5a9e-4981-b8d2-f1afd9b2ef88,e121d991-00b7-414b-9c46-7cee49ca68e4,لاصق Scotchbond Universal,بەستەری Scotchbond Universal,"","",3M,3M-002,92000.00,115000.00,25,,t,f,2026-08-19 10:58:25.119305+00,2026-08-22 04:25:05.423884+00,,{},,none,,,410c77e6-8dfe-42e2-84fb-928376edf0dc,1,0
ef48a377-f389-4029-b08e-2e3a64edc484,e121d991-00b7-414b-9c46-7cee49ca68e4,أسمنت RelyX Luting,سیمێنتی RelyX Luting,"","",3M,3M-003,74000.00,89000.00,25,,t,f,2026-08-19 10:58:25.119305+00,2026-08-22 04:25:05.423884+00,,{},,none,,,bf57b0aa-d88d-4e14-8d6c-51c80a890f68,1,0
81f5bf17-98de-4003-b2cd-04b82182b001,e121d991-00b7-414b-9c46-7cee49ca68e4,شرائط تلميع Sof-Lex,تەیپی سافکردنی Sof-Lex,"","",3M,3M-004,26000.00,32000.00,25,,t,f,2026-08-19 10:58:25.119305+00,2026-08-22 04:25:05.423884+00,,{},,none,,,9357a8c2-e318-41f6-809e-1778e3bd781c,1,0
7e0e93a1-c6bc-4adb-bc7e-bb75c1dbcbd5,e121d991-00b7-414b-9c46-7cee49ca68e4,مادة طبعة Imprint 4,مادەی وەرگرتنی Imprint 4,"","",3M,3M-005,130000.00,158000.00,25,,t,f,2026-08-19 10:58:25.119305+00,2026-08-22 04:25:05.423884+00,,{},,none,,,56ed9e08-6a9b-4beb-9309-db82b45ed82c,1,0
4a3202e3-572a-4aea-993c-70b8506c7b44,e121d991-00b7-414b-9c46-7cee49ca68e4,كمبوزيت GC G-aenial,کۆمپۆزیتی GC G-aenial,"","",GC,GC-001,62000.00,78000.00,25,,t,f,2026-08-19 10:58:25.119305+00,2026-08-22 04:25:05.423884+00,,{},,none,,,29bee5a9-c1f8-4f9b-a1da-01d17948d060,1,0
92fa1363-e1f5-49c9-aaa0-1aaef7db57a9,e121d991-00b7-414b-9c46-7cee49ca68e4,أسمنت Fuji II LC,سیمێنتی Fuji II LC,"","",GC,GC-002,84000.00,99000.00,25,,t,f,2026-08-19 10:58:25.119305+00,2026-08-22 04:25:05.423884+00,,{},,none,,,281c8e13-a3eb-4a80-b429-8891e401dc35,1,0
b39acf4e-ba43-4102-82ae-49fb23ef7b06,e121d991-00b7-414b-9c46-7cee49ca68e4,حشوة Fuji IX GP,پڕکەرەی Fuji IX GP,"","",GC,GC-003,58000.00,71000.00,25,,t,f,2026-08-19 10:58:25.119305+00,2026-08-22 04:25:05.423884+00,,{},,none,,,6536a5a2-acb2-4fe7-b213-ad5452a5efa7,1,0
783e85b1-55e7-4475-8660-a91ff8a9e01b,e121d991-00b7-414b-9c46-7cee49ca68e4,لاصق G-Premio Bond,بەستەری G-Premio Bond,"","",GC,GC-004,96000.00,120000.00,25,,t,f,2026-08-19 10:58:25.119305+00,2026-08-22 04:25:05.423884+00,,{},,none,,,7a8221bd-fdaa-48d4-b974-3fea5f0baeab,1,0
47450476-7029-4f57-a932-213a59f79a12,e121d991-00b7-414b-9c46-7cee49ca68e4,ورنيش MI Varnish,ڤارنیشی MI Varnish,"","",GC,GC-005,45000.00,55000.00,25,,t,f,2026-08-19 10:58:25.119305+00,2026-08-22 04:25:05.423884+00,,{},,none,,,fde6e8bb-82f3-4988-bd74-305d262edbcc,1,0
390f2e3a-4a5c-4017-b729-f5445b9948bd,e121d991-00b7-414b-9c46-7cee49ca68e4,كمبوزيت Estelite Sigma Quick,کۆمپۆزیتی Estelite Sigma Quick,"","",Tokuyama,TOKU-001,72000.00,90000.00,25,,t,f,2026-08-19 10:58:25.119305+00,2026-08-22 04:25:05.423884+00,,{},,none,,,f4358c13-fbd1-4459-826b-2bdac1c0b7a8,1,0
7e49cab2-673f-4f6e-a4f8-c9c76787ad52,e121d991-00b7-414b-9c46-7cee49ca68e4,لاصق Tokuyama Universal Bond,بەستەری Tokuyama Universal Bond,"","",Tokuyama,TOKU-002,98000.00,118000.00,25,,t,f,2026-08-19 10:58:25.119305+00,2026-08-22 04:25:05.423884+00,,{},,none,,,2b55bd5a-9d5a-4f13-8168-751d1b4d57fd,1,0
87b976dd-c639-4087-bfa4-4fda79da8422,e121d991-00b7-414b-9c46-7cee49ca68e4,أسمنت Estecem II,سیمێنتی Estecem II,"","",Tokuyama,TOKU-003,112000.00,135000.00,25,,t,f,2026-08-19 10:58:25.119305+00,2026-08-22 04:25:05.423884+00,,{},,none,,,05279a56-bb16-43d5-adf0-3c8e29327592,1,0
0e46b91c-e043-493d-aad0-810a44bac92b,e121d991-00b7-414b-9c46-7cee49ca68e4,Estelite Bulk Fill Flow,Estelite Bulk Fill Flow,"","",Tokuyama,TOKU-004,76000.00,92000.00,25,,t,f,2026-08-19 10:58:25.119305+00,2026-08-22 04:25:05.423884+00,,{},,none,,,5b9f0918-aee3-41f0-b43f-05a5b7812f63,1,0
46c389b4-6013-4d01-ae20-7916f53d0c84,51cca89f-6cb4-4656-ae22-354da2f9ed55,قفازات نتريل (100),دەستکێشی نایترایل (١٠٠),خالية من البودرة,بێ پۆدرە,SafeHand,SH-4001,15000.00,20000.00,200,/images/p-gloves.jpg,t,t,2026-08-19 09:29:21.208405+00,2026-08-22 04:25:05.423884+00,,"{special,new,bestseller,trending}",,none,,,3bc4dbf3-e4ad-4bdb-b93d-70e81c9ee646,1,0
8768f077-4f09-40e8-9613-bf432f2e55bc,e121d991-00b7-414b-9c46-7cee49ca68e4,كومبوزيت ضوئي A2,کۆمپۆزیتی ڕووناکی A2,حشوة ضوئية عالية الجودة,پرکردنەوەی ڕووناکی کوالیتی بەرز,ShineFill,SF-2001,72000.00,95000.00,25,/images/p-composite.jpg,t,t,2026-08-19 09:29:21.208405+00,2026-08-22 04:25:05.423884+00,,{},2026-11-21,near_expiry,,B1001,03a9f5f7-e53f-46f4-85e4-cedc7d8267b8,1,0
39ac8de7-b865-4dd6-a29c-5017fee85c55,e121d991-00b7-414b-9c46-7cee49ca68e4,أسمنت زجاجي,سیمانی شووشەیی,لاصق للحشوات الدائمة,لکێنەر بۆ پرکردنەوەی هەمیشەیی,ShineFill,SF-2002,54000.00,67500.00,30,/images/p-cement.jpg,t,f,2026-08-19 09:29:21.208405+00,2026-08-22 04:25:05.423884+00,,{},2027-02-21,near_expiry,,B1002,c9d6bde7-e51a-4599-91b3-5c7adfad5aa7,1,0
fb8fa217-7cc5-4bed-9076-bc4960083735,ba523618-8705-4b72-aa81-52409b0c94f9,حاصرات تقويم معدنية,براکێتی مەتەلی ڕێکخستن,طقم كامل 20 حاصرة,سێتی تەواو ٢٠ براکێت,OrthoLine,OL-3001,120000.00,150000.00,15,/images/p-ortho.jpg,t,t,2026-08-19 09:29:21.208405+00,2026-08-22 04:25:05.423884+00,,{},2027-07-21,near_expiry,,B1003,73349814-e24a-4adb-8594-6be6de51dd08,1,0
d26e22c8-60cd-4225-a65e-5ec04bf2d43d,ba523618-8705-4b72-aa81-52409b0c94f9,أسلاك تقويم NiTi,وایەری NiTi,مرونة عالية,نەرمی بەرز,OrthoLine,OL-3002,17600.00,30000.00,80,/images/p-ortho.jpg,t,f,2026-08-19 09:29:21.208405+00,2026-08-22 04:25:05.423884+00,,{},2026-09-21,outlet,2025-06-21,B1004,b8a875de-da5e-4f46-8c7a-5648b3408973,1,0
c4d02211-e145-4b50-8021-86b8233f0ff4,e121d991-00b7-414b-9c46-7cee49ca68e4,لاصق All-Bond Universal,بەستەری All-Bond Universal,"","",BISCO,BISC-001,95000.00,119000.00,25,,t,f,2026-08-19 10:58:25.119305+00,2026-08-22 04:25:05.423884+00,,{},,none,,,67d6d31b-8c93-4490-8aad-4af7206c44a5,1,0
f30a62d8-d303-47a6-bd9f-d1a210d9d9f0,e121d991-00b7-414b-9c46-7cee49ca68e4,أسمنت Duo-Link Universal,سیمێنتی Duo-Link Universal,"","",BISCO,BISC-002,86000.00,104000.00,25,,t,f,2026-08-19 10:58:25.119305+00,2026-08-22 04:25:05.423884+00,,{},,none,,,f916c21a-7234-4631-b088-47d78d7e937f,1,0
378dbe22-549f-49a4-b3a4-6285c5633451,e121d991-00b7-414b-9c46-7cee49ca68e4,Core-Flo DC Lite,Core-Flo DC Lite,"","",BISCO,BISC-003,69000.00,82000.00,25,,t,f,2026-08-19 10:58:25.119305+00,2026-08-22 04:25:05.423884+00,,{},,none,,,571d70b5-1f39-4f59-ae0c-7bce20acb852,1,0
0818c320-1f68-4737-ba32-2dfdf0259bb9,e121d991-00b7-414b-9c46-7cee49ca68e4,Porcelain Bonding Resin,Porcelain Bonding Resin,"","",BISCO,BISC-004,73000.00,88000.00,25,,t,f,2026-08-19 10:58:25.119305+00,2026-08-22 04:25:05.423884+00,,{},,none,,,96b52e1b-b5d7-4bd7-be28-3feeb1c90acc,1,0
c15532f2-c0a0-49ff-878b-f34d89126e21,e121d991-00b7-414b-9c46-7cee49ca68e4,Select HV Etch جل حفر,جێلی هەڵکۆڵینی Select HV Etch,"","",BISCO,BISC-005,31000.00,39000.00,25,,t,f,2026-08-19 10:58:25.119305+00,2026-08-22 04:25:05.423884+00,,{},,none,,,beaf2094-25ae-4e71-b762-5d0edcc98318,1,0
c4f996ea-8128-4f5f-a61d-17030fc95650,51cca89f-6cb4-4656-ae22-354da2f9ed55,قفازات فحص نتريل,دەستکێشی نیتریل,"","",Orodeka,OROD-001,9000.00,13000.00,25,,t,f,2026-08-19 10:58:25.119305+00,2026-08-22 04:25:05.423884+00,,{},,none,,,528aa02f-4e81-401b-b39d-041589dd6c2c,1,0
468c1afc-4df5-48be-9196-716b76c2e5a8,51cca89f-6cb4-4656-ae22-354da2f9ed55,كمامات جراحية 3 طبقات,ماسکی نەشتەرگەری ٣ چین,"","",Orodeka,OROD-002,7000.00,10000.00,25,,t,f,2026-08-19 10:58:25.119305+00,2026-08-22 04:25:05.423884+00,,{},,none,,,dfe2fd04-201e-484f-ae6b-dd17a84f52f6,1,0
675cb859-e55d-446e-871b-44cfadfd3de9,51cca89f-6cb4-4656-ae22-354da2f9ed55,أكواب بلاستيك للمريض,جامی پلاستیکی نەخۆش,"","",Orodeka,OROD-003,6000.00,9000.00,25,,t,f,2026-08-19 10:58:25.119305+00,2026-08-22 04:25:05.423884+00,,{},,none,,,1ccbe2d3-113b-4732-aa6e-aa369a23652b,1,0
56ab515e-8fdd-4e5d-8b7d-e64e92339761,51cca89f-6cb4-4656-ae22-354da2f9ed55,مناديل عيادة مقاومة للماء,دەستەڕۆی کلینیک,"","",Orodeka,OROD-004,8000.00,11000.00,25,,t,f,2026-08-19 10:58:25.119305+00,2026-08-22 04:25:05.423884+00,,{},,none,,,27c04f61-48d5-4c91-a3bc-0b4e5dc67732,1,0
6e4f3fbb-a9cd-4ed1-acbc-13a04a0500b5,51cca89f-6cb4-4656-ae22-354da2f9ed55,شفاطات لعاب,ڕاکێشەری لەتەف,"","",Orodeka,OROD-005,7500.00,11000.00,25,,t,f,2026-08-19 10:58:25.119305+00,2026-08-22 04:25:05.423884+00,,{},,none,,,8026c6d4-2f0b-4d2c-aa67-ce395f5de935,1,0
6750a90e-50b8-4674-9a6e-c3d690cf5ff4,fa22af05-590d-48b6-b065-7318f2e84ea7,جهاز موتور علاج جذور E-Connect S,ئامێری موتۆری ڕیشە E-Connect S,"","",Eighteeth,EIGH-001,420000.00,510000.00,25,,t,f,2026-08-19 10:58:25.119305+00,2026-08-22 04:25:05.423884+00,,{},,none,,,f58ecc8b-bac3-4d6a-bd10-3f0651ba44a6,1,0
daf8a38b-d20e-4b17-a0e4-2c03af2c351b,fa22af05-590d-48b6-b065-7318f2e84ea7,جهاز أبيكس Apex Locator,ئامێری Apex Locator,"","",Eighteeth,EIGH-002,280000.00,340000.00,25,,t,f,2026-08-19 10:58:25.119305+00,2026-08-22 04:25:05.423884+00,,{},,none,,,6f7d7ea8-e36c-4b48-b700-4c6e14d03bc4,1,0
d9a7c8e4-1338-4583-a56a-937c624cc0dd,fa22af05-590d-48b6-b065-7318f2e84ea7,ضوء تصليب Curing Pen,لایتی توندکەری Curing Pen,"","",Eighteeth,EIGH-003,190000.00,235000.00,25,,t,f,2026-08-19 10:58:25.119305+00,2026-08-22 04:25:05.423884+00,,{},,none,,,95ad86ec-b8ea-4565-b39a-19ed6348610d,1,0
9ce44dbf-a831-4597-a0ef-ff0b7004803f,fa22af05-590d-48b6-b065-7318f2e84ea7,جهاز إندو موتور لاسلكي,موتۆری ئێندۆی بێ وایەر,"","",Eighteeth,EIGH-004,460000.00,560000.00,25,,t,f,2026-08-19 10:58:25.119305+00,2026-08-22 04:25:05.423884+00,,{},,none,,,3ab95e5f-855f-4097-8b2a-95b7eef3b937,1,0
b210302d-d375-4b3b-965d-949287a5bec9,fa22af05-590d-48b6-b065-7318f2e84ea7,قياس ذروة مدمج,پێوانەری ڕیشەی بچووک,"","",Eighteeth,EIGH-005,250000.00,299000.00,25,,t,f,2026-08-19 10:58:25.119305+00,2026-08-22 04:25:05.423884+00,,{},,none,,,c60245bb-0811-4eb5-a000-b455958d7ab4,1,0
3c6ee561-94be-4bf1-be26-c77beeba9602,9f0bd8cc-a30b-44d2-b298-76670f74723a,مبارد ProTaper Gold,فایلی ProTaper Gold,"","",Dentsply Sirona,DENT-001,145000.00,175000.00,25,,t,f,2026-08-19 10:58:25.119305+00,2026-08-22 04:25:05.423884+00,,{},,none,,,67836ba0-b61b-4201-ba6c-359db75b47d6,1,0
093d2616-e8a1-448d-bc49-d337a6e34b28,9f0bd8cc-a30b-44d2-b298-76670f74723a,كمبوزيت SDR flow+,کۆمپۆزیتی SDR flow+,"","",Dentsply Sirona,DENT-002,88000.00,108000.00,25,,t,f,2026-08-19 10:58:25.119305+00,2026-08-22 04:25:05.423884+00,,{},,none,,,2f9f3572-716e-4127-b4a2-06f45fb5b673,1,0
9914b670-3ede-43ca-99be-06250510e1cb,9f0bd8cc-a30b-44d2-b298-76670f74723a,أسمنت Calibra Universal,سیمێنتی Calibra Universal,"","",Dentsply Sirona,DENT-003,92000.00,112000.00,25,,t,f,2026-08-19 10:58:25.119305+00,2026-08-22 04:25:05.423884+00,,{},,none,,,80585e52-ba23-4684-9b5a-f6b94c110abc,1,0
30770a2a-6b9b-4fec-86cb-c523f88af9cc,9f0bd8cc-a30b-44d2-b298-76670f74723a,مبارد WaveOne Gold,فایلی WaveOne Gold,"","",Dentsply Sirona,DENT-004,158000.00,190000.00,25,,t,f,2026-08-19 10:58:25.119305+00,2026-08-22 04:25:05.423884+00,,{},,none,,,d03c983d-9d23-4580-8ebe-1abb121e066b,1,0
9891320e-89e6-4790-a9bb-f22f14644a66,9f0bd8cc-a30b-44d2-b298-76670f74723a,مادة طبعة Aquasil,مادەی وەرگرتنی Aquasil,"","",Dentsply Sirona,DENT-005,125000.00,150000.00,25,,t,f,2026-08-19 10:58:25.119305+00,2026-08-22 04:25:05.423884+00,,{},,none,,,241bfed6-3d0c-44fd-a833-413338ecf5f2,1,0
2fa0962e-597b-4ab3-baa0-fe8726716cf4,e121d991-00b7-414b-9c46-7cee49ca68e4,كمبوزيت Tetric EvoCeram,کۆمپۆزیتی Tetric EvoCeram,"","",Ivoclar,IVOC-001,95000.00,118000.00,25,,t,f,2026-08-19 10:58:25.119305+00,2026-08-22 04:25:05.423884+00,,{},,none,,,8f67d9d0-6985-487a-942d-d10ee5085b84,1,0
c0686f25-bce1-45fc-bc99-e1f0cedff0fb,e121d991-00b7-414b-9c46-7cee49ca68e4,لاصق Adhese Universal,بەستەری Adhese Universal,"","",Ivoclar,IVOC-002,105000.00,128000.00,25,,t,f,2026-08-19 10:58:25.119305+00,2026-08-22 04:25:05.423884+00,,{},,none,,,6f98c288-6627-445b-a119-b17b47ce642c,1,0
ffd9615b-2a56-4504-ad8f-e99d642ecc7b,e121d991-00b7-414b-9c46-7cee49ca68e4,أسمنت Variolink Esthetic,سیمێنتی Variolink Esthetic,"","",Ivoclar,IVOC-003,165000.00,198000.00,25,,t,f,2026-08-19 10:58:25.119305+00,2026-08-22 04:25:05.423884+00,,{},,none,,,32cebd71-355d-4a62-8be1-3ababca16294,1,0
9988dd4d-ac2a-4dca-9a71-611147bb833a,e121d991-00b7-414b-9c46-7cee49ca68e4,IPS e.max بلوكات,بلۆکی IPS e.max,"","",Ivoclar,IVOC-004,210000.00,255000.00,25,,t,f,2026-08-19 10:58:25.119305+00,2026-08-22 04:25:05.423884+00,,{},,none,,,676a186a-10e6-4077-870f-bdfd0a766d3a,1,0
cba8f9b2-cd32-4808-b4c2-003606419dea,e121d991-00b7-414b-9c46-7cee49ca68e4,Proxyt معجون تلميع,پەستەی سافکردنی Proxyt,"","",Ivoclar,IVOC-005,42000.00,52000.00,25,,t,f,2026-08-19 10:58:25.119305+00,2026-08-22 04:25:05.423884+00,,{},,none,,,13abeac9-b654-48aa-bfb3-94a1f727eb83,1,0
ec0587f9-33dc-4880-835e-9a7e8ba86dc5,fa22af05-590d-48b6-b065-7318f2e84ea7,قبضة سرعة عالية Pana Max,هەندپیسی خێرای Pana Max,"","",NSK,NSK-001,320000.00,395000.00,25,,t,f,2026-08-19 10:58:25.119305+00,2026-08-22 04:25:05.423884+00,,{},,none,,,1fead66d-abe8-4fb0-b733-698c8e100391,1,0
ddf7418f-6f26-4698-ae62-34e1496c5c22,fa22af05-590d-48b6-b065-7318f2e84ea7,قبضة زاوية Ti-Max,هەندپیسی گۆشەیی Ti-Max,"","",NSK,NSK-002,480000.00,580000.00,25,,t,f,2026-08-19 10:58:25.119305+00,2026-08-22 04:25:05.423884+00,,{},,none,,,ad17a3a0-c61a-4875-bba3-b7f5963f2382,1,0
52308526-5ead-4830-a75e-bfaef27ad144,fa22af05-590d-48b6-b065-7318f2e84ea7,جهاز تنظيف جير Varios,ئامێری خاوێنکردنی Varios,"","",NSK,NSK-003,690000.00,830000.00,25,,t,f,2026-08-19 10:58:25.119305+00,2026-08-22 04:25:05.423884+00,,{},,none,,,58e5edc2-4394-42fe-a8f3-a1c585c0416a,1,0
54335740-244b-4f8f-80c9-cd06c9073144,fa22af05-590d-48b6-b065-7318f2e84ea7,موتور زرع Surgic Pro,موتۆری چاندنی Surgic Pro,"","",NSK,NSK-004,1450000.00,1750000.00,25,,t,f,2026-08-19 10:58:25.119305+00,2026-08-22 04:25:05.423884+00,,{},,none,,,577b67da-818c-4c23-8505-374e50053bea,1,0
bcfc51ef-7ea7-4131-83f4-d628c9fcc97a,fa22af05-590d-48b6-b065-7318f2e84ea7,قبضة بطيئة NSK Student,هەندپیسی هێواشی NSK,"","",NSK,NSK-005,240000.00,290000.00,25,,t,f,2026-08-19 10:58:25.119305+00,2026-08-22 04:25:05.423884+00,,{},,none,,,64f6c149-eded-46e4-8580-9721329b6031,1,0
8a252cce-b86d-4e38-a4e8-b7e2f19bdf62,fa22af05-590d-48b6-b065-7318f2e84ea7,جهاز تنظيف جير UDS-E,ئامێری خاوێنکردنی UDS-E,"","",Woodpecker,WOOD-001,320000.00,390000.00,25,,t,f,2026-08-19 10:58:25.119305+00,2026-08-22 04:25:05.423884+00,,{},,none,,,99f29915-ed7e-44e9-bd74-954b653ff772,1,0
2c841399-d4b7-4724-bd07-aff9fc7aa7b3,fa22af05-590d-48b6-b065-7318f2e84ea7,ضوء تصليب iLED,لایتی توندکەری iLED,"","",Woodpecker,WOOD-002,175000.00,215000.00,25,,t,f,2026-08-19 10:58:25.119305+00,2026-08-22 04:25:05.423884+00,,{},,none,,,d910d8c3-2079-46b0-b843-3270319aa892,1,0
28eab009-c040-4345-ad68-6b590fba1fce,fa22af05-590d-48b6-b065-7318f2e84ea7,جهاز تبييض LED,ئامێری سپیکردنی LED,"","",Woodpecker,WOOD-003,295000.00,355000.00,25,,t,f,2026-08-19 10:58:25.119305+00,2026-08-22 04:25:05.423884+00,,{},,none,,,cfaa1043-6bdf-4a05-8401-a4f9651c925f,1,0
a51ac9bb-3ca9-4f2c-9913-dcdd67b7c3bd,fa22af05-590d-48b6-b065-7318f2e84ea7,موتور علاج جذور Ai-Motor,موتۆری ڕیشە Ai-Motor,"","",Woodpecker,WOOD-004,520000.00,630000.00,25,,t,f,2026-08-19 10:58:25.119305+00,2026-08-22 04:25:05.423884+00,,{},,none,,,3f4cfbfe-5126-4d8b-88a7-ff218f7e2790,1,0
f861ec45-30e1-4236-8c97-fe7a313c231a,fa22af05-590d-48b6-b065-7318f2e84ea7,كاميرا فموية داخلية,کامێرای ناو دەم,"","",Woodpecker,WOOD-005,260000.00,310000.00,25,,t,f,2026-08-19 10:58:25.119305+00,2026-08-22 04:25:05.423884+00,,{},,none,,,eae9a498-a8a3-4e0a-8799-10f705c472cb,1,0
f3f815d9-18c4-42e2-8ca1-a7c69f55d0e8,9f0bd8cc-a30b-44d2-b298-76670f74723a,Dental prob,Dental prob,"","",Walaa,"",5000.00,6000.00,0,https://encrypted-tbn0.gstatic.com/images?q=tbn:ANd9GcQKFCYmRtoP_b5pjaAR3Gn8wS71fNbrna23x3jSnoy7Z77RSUo82aJsU7k&s=10,t,f,2026-08-20 05:48:16.331192+00,2026-08-22 04:25:05.423884+00,5581377c-f475-42e6-a8ce-89e64a1c95ba,{},2026-11-21,near_expiry,,B1001,6bb291f5-6a60-4904-a7c4-51f2a2fd6f4d,1,0
e5193e1d-d7d1-42b8-9b52-93af42d4e7fd,,Dental Center,Dental Center,"","",Walaa,"",10000.00,15000.00,0,,t,f,2026-08-20 06:02:20.428204+00,2026-08-22 04:25:05.423884+00,5581377c-f475-42e6-a8ce-89e64a1c95ba,{},2027-02-21,near_expiry,,B1002,439a3fb1-08d2-4b68-b338-17ca58fa19f4,1,0
e898bb29-7f2e-43ad-a5b8-6ddb0bf1dc66,e121d991-00b7-414b-9c46-7cee49ca68e4,سمنت زجاجي GC,سیمێنتی شووشەیی GC,سمنت زجاجي أصلي من GC — جودة عالية وسعر جملة.,سیمێنتی شووشەیی ڕەسەن لە GC — کوالیتی باش و نرخی کۆ.,GC,GC-1001,5000.00,16500.00,23,/images/p-cement.jpg,t,t,2026-08-20 17:12:33.81498+00,2026-08-22 04:25:05.423884+00,8c5cef4e-2041-4f96-8cdd-d37b8c1b423a,{hot},2026-09-30,near_expiry,,,cc62f278-f84f-4982-ad78-dc1f7f2b6419,1,0
b8d937e3-c2c5-475d-b2d2-ff27a831f861,fa22af05-590d-48b6-b065-7318f2e84ea7,مادة طبعات GC,کەرەستەی داغکردن GC,مادة طبعات أصلي من GC — جودة عالية وسعر جملة.,کەرەستەی داغکردن ڕەسەن لە GC — کوالیتی باش و نرخی کۆ.,GC,GC-1009,52500.00,67500.00,47,/images/p-composite.jpg,t,f,2026-08-20 17:12:33.81498+00,2026-08-22 04:25:05.423884+00,8c5cef4e-2041-4f96-8cdd-d37b8c1b423a,{bestseller},,none,,,fac596ba-b492-4c28-a9ce-5dfa2dc11f6c,1,0
7db14c60-7253-427a-91f8-9a3c9a902211,9f0bd8cc-a30b-44d2-b298-76670f74723a,كومبوزيت حقنة Tokuyama,کۆمپۆزیتی سیرینج Tokuyama,كومبوزيت حقنة أصلي من Tokuyama — جودة عالية وسعر جملة.,کۆمپۆزیتی سیرینج ڕەسەن لە Tokuyama — کوالیتی باش و نرخی کۆ.,Tokuyama,TOKUYAMA-1000,12000.00,18000.00,20,/images/p-composite.jpg,t,t,2026-08-20 17:12:34.296482+00,2026-08-22 04:25:05.423884+00,70a07ff3-7043-4af4-a786-ceaff0562092,{discount},,none,,,a5610d94-86cf-42c2-b4be-70d04f29ab19,1,0
4f3872e1-8b16-4d1d-8dda-2e4d13684f86,e121d991-00b7-414b-9c46-7cee49ca68e4,سمنت زجاجي Tokuyama,سیمێنتی شووشەیی Tokuyama,سمنت زجاجي أصلي من Tokuyama — جودة عالية وسعر جملة.,سیمێنتی شووشەیی ڕەسەن لە Tokuyama — کوالیتی باش و نرخی کۆ.,Tokuyama,TOKUYAMA-1001,16500.00,,23,/images/p-cement.jpg,t,t,2026-08-20 17:12:34.296482+00,2026-08-22 04:25:05.423884+00,70a07ff3-7043-4af4-a786-ceaff0562092,{hot},,none,,,a76ace48-a143-4afe-9af4-3128a5855b47,1,0
6588ea96-ca78-4550-b984-be9da8d27b29,,Plex RT,Plex RT,"","",GC,"",23500.00,25000.00,25,https://jrkwxgdclonsyzdutgjs.supabase.co/storage/v1/object/sign/products/8c5cef4e-2041-4f96-8cdd-d37b8c1b423a/a55a40fb-cd6c-444b-852b-591a3b2505b5.webp?token=eyJraWQiOiJzdG9yYWdlLXVybC1zaWduaW5nLWtleV8xODRkZjA3OC0yMjJhLTQyNGMtYWI0ZC1kYjY2ODEwMWRmNmEiLCJhbGciOiJIUzI1NiJ9.eyJ1cmwiOiJwcm9kdWN0cy84YzVjZWY0ZS0yMDQxLTRmOTYtOGNkZC1kMzdiOGMxYjQyM2EvYTU1YTQwZmItY2Q2Yy00NDRiLTg1MmItNTkxYTNiMjUwNWI1LndlYnAiLCJzY29wZSI6ImRvd25sb2FkIiwiaWF0IjoxNzg3NDA2MzY3LCJleHAiOjIxMDI3NjYzNjd9.FZe7dE5QUSjCuczLppJs_1abVbIAyN8Qrq0uRNIKRiI,t,f,2026-08-22 13:47:03.299265+00,2026-08-22 13:47:03.299265+00,8c5cef4e-2041-4f96-8cdd-d37b8c1b423a,{discount},,none,,,201efa31-28bf-4d2f-b736-aab06ad63e13,5,0
8d181d69-ab79-45ee-97f4-578e538da64a,ba523618-8705-4b72-aa81-52409b0c94f9,لاصق أسنان GC,لینکی ددان GC,لاصق أسنان أصلي من GC — جودة عالية وسعر جملة.,لینکی ددان ڕەسەن لە GC — کوالیتی باش و نرخی کۆ.,GC,GC-1002,21000.00,26250.00,26,/images/p-curing-light.jpg,t,t,2026-08-20 17:12:33.81498+00,2026-08-22 04:25:05.423884+00,8c5cef4e-2041-4f96-8cdd-d37b8c1b423a,{premium},,none,,B1001,915a89cc-b06e-455b-9dfc-f42736280126,1,0
68ac69f6-ce04-4dca-b585-45c88580089c,9f0bd8cc-a30b-44d2-b298-76670f74723a,كومبوزيت حقنة GC,کۆمپۆزیتی سیرینج GC,كومبوزيت حقنة أصلي من GC — جودة عالية وسعر جملة.,کۆمپۆزیتی سیرینج ڕەسەن لە GC — کوالیتی باش و نرخی کۆ.,GC,GC-1000,12000.00,18000.00,20,/images/p-composite.jpg,t,t,2026-08-20 17:12:33.81498+00,2026-08-22 04:25:05.423884+00,8c5cef4e-2041-4f96-8cdd-d37b8c1b423a,{discount},,none,,,7e71caca-cf86-438c-a406-0c792c1288fe,1,0
420e0908-0309-433f-b83f-2480deb4c1bb,51cca89f-6cb4-4656-ae22-354da2f9ed55,مثقب ألماسي GC,بۆری ئەڵماس GC,مثقب ألماسي أصلي من GC — جودة عالية وسعر جملة.,بۆری ئەڵماس ڕەسەن لە GC — کوالیتی باش و نرخی کۆ.,GC,GC-1003,25500.00,34500.00,29,/images/p-instruments-set.jpg,t,f,2026-08-20 17:12:33.81498+00,2026-08-22 04:25:05.423884+00,8c5cef4e-2041-4f96-8cdd-d37b8c1b423a,{special},,none,,,519ef510-f30a-4143-9a00-440057dc2362,1,0
3cd34f41-42c4-4fd8-9d68-f1868382a17d,51cca89f-6cb4-4656-ae22-354da2f9ed55,جهاز تعقيم GC,ئامێری پاککردنەوە GC,جهاز تعقيم أصلي من GC — جودة عالية وسعر جملة.,ئامێری پاککردنەوە ڕەسەن لە GC — کوالیتی باش و نرخی کۆ.,GC,GC-1008,10000.00,48000.00,44,/images/p-autoclave.jpg,t,f,2026-08-20 17:12:33.81498+00,2026-08-22 04:25:05.423884+00,8c5cef4e-2041-4f96-8cdd-d37b8c1b423a,{},,near_expiry,,,24670b78-f340-49a0-bb9d-7ab44a9a5b9f,1,0
0a61a018-1137-4564-b17d-46f7458a5b0b,ba523618-8705-4b72-aa81-52409b0c94f9,أسلاك تقويم GC,تەلی ڕێکخستن GC,أسلاك تقويم أصلي من GC — جودة عالية وسعر جملة.,تەلی ڕێکخستن ڕەسەن لە GC — کوالیتی باش و نرخی کۆ.,GC,GC-1007,1000.00,43500.00,41,/images/p-ortho.jpg,t,f,2026-08-20 17:12:33.81498+00,2026-08-22 04:25:05.423884+00,8c5cef4e-2041-4f96-8cdd-d37b8c1b423a,"{discount,hot}",2026-09-26,near_expiry,,,c3833004-bd64-4c20-846b-282fca2e4871,1,0
c7e87a77-0f9b-4793-8b9c-969a96070edd,51cca89f-6cb4-4656-ae22-354da2f9ed55,جهاز تعقيم Tokuyama,ئامێری پاککردنەوە Tokuyama,جهاز تعقيم أصلي من Tokuyama — جودة عالية وسعر جملة.,ئامێری پاککردنەوە ڕەسەن لە Tokuyama — کوالیتی باش و نرخی کۆ.,Tokuyama,TOKUYAMA-1008,48000.00,,44,/images/p-autoclave.jpg,t,f,2026-08-20 17:12:34.296482+00,2026-08-22 04:25:05.423884+00,70a07ff3-7043-4af4-a786-ceaff0562092,{},,none,,,84ff9f67-077d-41ec-90c9-33d4fdffda5b,1,0
9630dcda-33ff-4da0-9cd4-84cbd43cf09f,fa22af05-590d-48b6-b065-7318f2e84ea7,مادة طبعات Tokuyama,کەرەستەی داغکردن Tokuyama,مادة طبعات أصلي من Tokuyama — جودة عالية وسعر جملة.,کەرەستەی داغکردن ڕەسەن لە Tokuyama — کوالیتی باش و نرخی کۆ.,Tokuyama,TOKUYAMA-1009,52500.00,67500.00,47,/images/p-composite.jpg,t,f,2026-08-20 17:12:34.296482+00,2026-08-22 04:25:05.423884+00,70a07ff3-7043-4af4-a786-ceaff0562092,{bestseller},,none,,,b52aa1a7-2337-405b-962e-34e581d0ca0a,1,0
5c6a897c-f1be-432b-af58-a94efc4fd001,9f0bd8cc-a30b-44d2-b298-76670f74723a,كومبوزيت حقنة Bisco,کۆمپۆزیتی سیرینج Bisco,كومبوزيت حقنة أصلي من Bisco — جودة عالية وسعر جملة.,کۆمپۆزیتی سیرینج ڕەسەن لە Bisco — کوالیتی باش و نرخی کۆ.,Bisco,BISCO-1000,12000.00,18000.00,20,/images/p-composite.jpg,t,t,2026-08-20 17:12:34.74686+00,2026-08-22 04:25:05.423884+00,7d68f829-9d61-47c4-a843-220357f43486,{discount},,none,,,3166f8c5-a919-49b9-be15-7b6a4d02e85b,1,0
c6613509-c907-485b-aa8e-27d128447706,ba523618-8705-4b72-aa81-52409b0c94f9,لاصق أسنان Bisco,لینکی ددان Bisco,لاصق أسنان أصلي من Bisco — جودة عالية وسعر جملة.,لینکی ددان ڕەسەن لە Bisco — کوالیتی باش و نرخی کۆ.,Bisco,BISCO-1002,21000.00,,26,/images/p-curing-light.jpg,t,t,2026-08-20 17:12:34.74686+00,2026-08-22 04:25:05.423884+00,7d68f829-9d61-47c4-a843-220357f43486,{premium},,none,,,65f89025-ffd1-4fb0-a8fd-1425848bf1ae,1,0
947cfb7e-adbf-419b-a063-ff0ffabccf71,e121d991-00b7-414b-9c46-7cee49ca68e4,كماشة خلع Bisco,کەلبەتانی دەرهێنان Bisco,كماشة خلع أصلي من Bisco — جودة عالية وسعر جملة.,کەلبەتانی دەرهێنان ڕەسەن لە Bisco — کوالیتی باش و نرخی کۆ.,Bisco,BISCO-1006,39000.00,51000.00,38,/images/p-forceps.jpg,t,f,2026-08-20 17:12:34.74686+00,2026-08-22 04:25:05.423884+00,7d68f829-9d61-47c4-a843-220357f43486,{},,none,,,2d483cfe-53c4-447e-856a-2772f9d79799,1,0
28241f4b-3544-47c9-8d2f-c38d741cc1db,ba523618-8705-4b72-aa81-52409b0c94f9,أسلاك تقويم Bisco,تەلی ڕێکخستن Bisco,أسلاك تقويم أصلي من Bisco — جودة عالية وسعر جملة.,تەلی ڕێکخستن ڕەسەن لە Bisco — کوالیتی باش و نرخی کۆ.,Bisco,BISCO-1007,43500.00,,41,/images/p-ortho.jpg,t,f,2026-08-20 17:12:34.74686+00,2026-08-22 04:25:05.423884+00,7d68f829-9d61-47c4-a843-220357f43486,"{discount,hot}",,none,,,4b676f1f-f2d4-4804-bbc3-f4d7f48c5e67,1,0
038af005-0009-4939-9404-5c19e6d08893,,Rhodium matrix,Rhodium matrix,"","",GC,"",10000.00,15000.00,100,https://jrkwxgdclonsyzdutgjs.supabase.co/storage/v1/object/sign/products/8c5cef4e-2041-4f96-8cdd-d37b8c1b423a/ef6aa1e8-be5b-4dee-8fed-ca09090c5c7d.webp?token=eyJraWQiOiJzdG9yYWdlLXVybC1zaWduaW5nLWtleV8xODRkZjA3OC0yMjJhLTQyNGMtYWI0ZC1kYjY2ODEwMWRmNmEiLCJhbGciOiJIUzI1NiJ9.eyJ1cmwiOiJwcm9kdWN0cy84YzVjZWY0ZS0yMDQxLTRmOTYtOGNkZC1kMzdiOGMxYjQyM2EvZWY2YWExZTgtYmU1Yi00ZGVlLThmZWQtY2EwOTA5MGM1YzdkLndlYnAiLCJzY29wZSI6ImRvd25sb2FkIiwiaWF0IjoxNzg3NDA3MDI1LCJleHAiOjIxMDI3NjcwMjV9.uGOSsZVJS3XTHt1apm1OUQoHVxegFtFO1wcBaFpr2ks,t,f,2026-08-22 13:56:43.65949+00,2026-08-22 13:57:08.784662+00,8c5cef4e-2041-4f96-8cdd-d37b8c1b423a,"{discount,premium,bestseller}",,none,,,d01b0fbc-1a5e-4bce-b1dc-f25a0dfb88c6,1,100
e9dd77d0-887d-4976-9876-04e379de1b36,51cca89f-6cb4-4656-ae22-354da2f9ed55,مثقب ألماسي 3M,بۆری ئەڵماس 3M,مثقب ألماسي أصلي من 3M — جودة عالية وسعر جملة.,بۆری ئەڵماس ڕەسەن لە 3M — کوالیتی باش و نرخی کۆ.,3M,3M-1003,25500.00,34500.00,29,/images/p-instruments-set.jpg,t,f,2026-08-20 17:12:35.184441+00,2026-08-22 04:25:05.423884+00,9b7ecc92-58ea-4e1a-9b15-541739421ee5,{special},,none,,,700a976c-ab8e-4cd2-8553-aec666241eee,1,0
1306d24b-394d-4dc4-aa3c-637aa201ff5d,fa22af05-590d-48b6-b065-7318f2e84ea7,قفازات نتريل 3M,دەستکێشی نیتریل 3M,قفازات نتريل أصلي من 3M — جودة عالية وسعر جملة.,دەستکێشی نیتریل ڕەسەن لە 3M — کوالیتی باش و نرخی کۆ.,3M,3M-1004,30000.00,,32,/images/p-gloves.jpg,t,f,2026-08-20 17:12:35.184441+00,2026-08-22 04:25:05.423884+00,9b7ecc92-58ea-4e1a-9b15-541739421ee5,{},,none,,,2d9b3d50-8f4d-450f-9310-10f54997ab00,1,0
570ece85-2bc3-4e31-884d-c8c133d32e03,9f0bd8cc-a30b-44d2-b298-76670f74723a,كمامات طبية 3M,دەمامکی پزیشکی 3M,كمامات طبية أصلي من 3M — جودة عالية وسعر جملة.,دەمامکی پزیشکی ڕەسەن لە 3M — کوالیتی باش و نرخی کۆ.,3M,3M-1005,34500.00,,35,/images/p-masks.jpg,t,f,2026-08-20 17:12:35.184441+00,2026-08-22 04:25:05.423884+00,9b7ecc92-58ea-4e1a-9b15-541739421ee5,{new},,none,,,38f5d7da-3110-4e98-b01b-f8b809b3ff29,1,0
f5b73e7a-f237-4532-8271-95659dc0a6bc,e121d991-00b7-414b-9c46-7cee49ca68e4,كماشة خلع 3M,کەلبەتانی دەرهێنان 3M,كماشة خلع أصلي من 3M — جودة عالية وسعر جملة.,کەلبەتانی دەرهێنان ڕەسەن لە 3M — کوالیتی باش و نرخی کۆ.,3M,3M-1006,39000.00,51000.00,38,/images/p-forceps.jpg,t,f,2026-08-20 17:12:35.184441+00,2026-08-22 04:25:05.423884+00,9b7ecc92-58ea-4e1a-9b15-541739421ee5,{},,none,,,67d23280-a185-4b20-8f88-1214c2426979,1,0
eb511435-36fb-48e3-a1e0-874ab6bc30bd,ba523618-8705-4b72-aa81-52409b0c94f9,أسلاك تقويم 3M,تەلی ڕێکخستن 3M,أسلاك تقويم أصلي من 3M — جودة عالية وسعر جملة.,تەلی ڕێکخستن ڕەسەن لە 3M — کوالیتی باش و نرخی کۆ.,3M,3M-1007,43500.00,,41,/images/p-ortho.jpg,t,f,2026-08-20 17:12:35.184441+00,2026-08-22 04:25:05.423884+00,9b7ecc92-58ea-4e1a-9b15-541739421ee5,"{discount,hot}",,none,,,d80f220d-f783-4bc9-b6d3-79ebe4f46165,1,0
f00c2072-aa9e-4002-bb71-a0b9ad2af5b8,,Dental mirror,Dental mirror,"","",GC,"",3750.00,5000.00,3000,https://jrkwxgdclonsyzdutgjs.supabase.co/storage/v1/object/sign/products/8c5cef4e-2041-4f96-8cdd-d37b8c1b423a/80c299e8-ea00-4045-9bf2-3a55c55180d3.webp?token=eyJraWQiOiJzdG9yYWdlLXVybC1zaWduaW5nLWtleV8xODRkZjA3OC0yMjJhLTQyNGMtYWI0ZC1kYjY2ODEwMWRmNmEiLCJhbGciOiJIUzI1NiJ9.eyJ1cmwiOiJwcm9kdWN0cy84YzVjZWY0ZS0yMDQxLTRmOTYtOGNkZC1kMzdiOGMxYjQyM2EvODBjMjk5ZTgtZWEwMC00MDQ1LTliZjItM2E1NWM1NTE4MGQzLndlYnAiLCJzY29wZSI6ImRvd25sb2FkIiwiaWF0IjoxNzg3NDgyMjMzLCJleHAiOjIxMDI4NDIyMzN9.pUeKIFJoqlTV8ZzoMN525p1DtBF6FGLRE_p083DqgFo,t,f,2026-08-23 10:51:03.684997+00,2026-08-23 10:51:03.684997+00,8c5cef4e-2041-4f96-8cdd-d37b8c1b423a,"{trending,gift,new,bestseller,freeship,limited}",,none,,,8c58af9d-c5d8-42a3-b540-7dd4a93377ef,1,100
9acd305e-190f-4640-843b-8f890ffe39fa,fa22af05-590d-48b6-b065-7318f2e84ea7,مادة طبعات 3M,کەرەستەی داغکردن 3M,مادة طبعات أصلي من 3M — جودة عالية وسعر جملة.,کەرەستەی داغکردن ڕەسەن لە 3M — کوالیتی باش و نرخی کۆ.,3M,3M-1009,52500.00,67500.00,47,/images/p-composite.jpg,t,f,2026-08-20 17:12:35.184441+00,2026-08-22 04:25:05.423884+00,9b7ecc92-58ea-4e1a-9b15-541739421ee5,{bestseller},,none,,,5fb68e29-37a1-490a-b5d3-f5ecf174029a,1,0
7e72a2f8-7ff7-4f45-8ac8-ccd17ccd1324,9f0bd8cc-a30b-44d2-b298-76670f74723a,كومبوزيت حقنة Orodeka,کۆمپۆزیتی سیرینج Orodeka,كومبوزيت حقنة أصلي من Orodeka — جودة عالية وسعر جملة.,کۆمپۆزیتی سیرینج ڕەسەن لە Orodeka — کوالیتی باش و نرخی کۆ.,Orodeka,ORODEKA-1000,12000.00,18000.00,20,/images/p-composite.jpg,t,t,2026-08-20 17:12:35.613957+00,2026-08-22 04:25:05.423884+00,e557cc88-e944-46eb-be3b-af73d908508e,{discount},,none,,,1769f87e-be1f-440f-8fa9-20b792ebcc2b,1,0
563b0af9-0235-43ee-befb-6a8a763a81f5,e121d991-00b7-414b-9c46-7cee49ca68e4,سمنت زجاجي Orodeka,سیمێنتی شووشەیی Orodeka,سمنت زجاجي أصلي من Orodeka — جودة عالية وسعر جملة.,سیمێنتی شووشەیی ڕەسەن لە Orodeka — کوالیتی باش و نرخی کۆ.,Orodeka,ORODEKA-1001,16500.00,,23,/images/p-cement.jpg,t,t,2026-08-20 17:12:35.613957+00,2026-08-22 04:25:05.423884+00,e557cc88-e944-46eb-be3b-af73d908508e,{hot},,none,,,f6af76ef-3a20-4ea2-91dd-511a41680cb9,1,0
f6da0c4a-cb52-4052-bf88-45ac485519ea,e121d991-00b7-414b-9c46-7cee49ca68e4,كماشة خلع Orodeka,کەلبەتانی دەرهێنان Orodeka,كماشة خلع أصلي من Orodeka — جودة عالية وسعر جملة.,کەلبەتانی دەرهێنان ڕەسەن لە Orodeka — کوالیتی باش و نرخی کۆ.,Orodeka,ORODEKA-1006,39000.00,51000.00,38,/images/p-forceps.jpg,t,f,2026-08-20 17:12:35.613957+00,2026-08-22 04:25:05.423884+00,e557cc88-e944-46eb-be3b-af73d908508e,{},,none,,,3c368a88-ddd6-4c53-89ba-8bebb83d77af,1,0
f1f669c5-7666-4310-bb8b-a742587cd464,ba523618-8705-4b72-aa81-52409b0c94f9,أسلاك تقويم Orodeka,تەلی ڕێکخستن Orodeka,أسلاك تقويم أصلي من Orodeka — جودة عالية وسعر جملة.,تەلی ڕێکخستن ڕەسەن لە Orodeka — کوالیتی باش و نرخی کۆ.,Orodeka,ORODEKA-1007,43500.00,,41,/images/p-ortho.jpg,t,f,2026-08-20 17:12:35.613957+00,2026-08-22 04:25:05.423884+00,e557cc88-e944-46eb-be3b-af73d908508e,"{discount,hot}",,none,,,b5291ef8-4ba3-4094-9b30-e2e0d7ff6a5e,1,0
b81accc4-8f9f-40f8-a288-4cd92c3675ea,9f0bd8cc-a30b-44d2-b298-76670f74723a,كمامات طبية Tokuyama,دەمامکی پزیشکی Tokuyama,كمامات طبية أصلي من Tokuyama — جودة عالية وسعر جملة.,دەمامکی پزیشکی ڕەسەن لە Tokuyama — کوالیتی باش و نرخی کۆ.,Tokuyama,TOKUYAMA-1005,34500.00,43125.00,35,/images/p-masks.jpg,t,f,2026-08-20 17:12:34.296482+00,2026-08-22 04:25:05.423884+00,70a07ff3-7043-4af4-a786-ceaff0562092,{new},2027-02-21,near_expiry,,B1002,60722ecf-5aec-4324-852c-24e651313527,1,0
b8123075-0976-41a3-8e24-6b163e4aed6f,e121d991-00b7-414b-9c46-7cee49ca68e4,كماشة خلع Tokuyama,کەلبەتانی دەرهێنان Tokuyama,كماشة خلع أصلي من Tokuyama — جودة عالية وسعر جملة.,کەلبەتانی دەرهێنان ڕەسەن لە Tokuyama — کوالیتی باش و نرخی کۆ.,Tokuyama,TOKUYAMA-1006,39000.00,51000.00,38,/images/p-forceps.jpg,t,f,2026-08-20 17:12:34.296482+00,2026-08-22 04:25:05.423884+00,70a07ff3-7043-4af4-a786-ceaff0562092,{},2027-07-21,near_expiry,,B1003,b48a1a1c-87b5-4559-8849-dbb6d1d99eeb,1,0
c880cc60-f7c7-4642-9336-4cadd61b49f8,ba523618-8705-4b72-aa81-52409b0c94f9,أسلاك تقويم Tokuyama,تەلی ڕێکخستن Tokuyama,أسلاك تقويم أصلي من Tokuyama — جودة عالية وسعر جملة.,تەلی ڕێکخستن ڕەسەن لە Tokuyama — کوالیتی باش و نرخی کۆ.,Tokuyama,TOKUYAMA-1007,43500.00,54375.00,41,/images/p-ortho.jpg,t,f,2026-08-20 17:12:34.296482+00,2026-08-22 04:25:05.423884+00,70a07ff3-7043-4af4-a786-ceaff0562092,"{discount,hot}",2026-09-21,near_expiry,,B1004,fa2301f2-08da-468f-b7e9-853e2ddec17e,1,0
8d41c74d-68cb-4c12-b7f9-a66bdd7bab15,51cca89f-6cb4-4656-ae22-354da2f9ed55,مثقب ألماسي Bisco,بۆری ئەڵماس Bisco,مثقب ألماسي أصلي من Bisco — جودة عالية وسعر جملة.,بۆری ئەڵماس ڕەسەن لە Bisco — کوالیتی باش و نرخی کۆ.,Bisco,BISCO-1003,25500.00,34500.00,29,/images/p-instruments-set.jpg,t,f,2026-08-20 17:12:34.74686+00,2026-08-22 04:25:05.423884+00,7d68f829-9d61-47c4-a843-220357f43486,{special},2027-02-21,near_expiry,,B1002,aea5ea4d-2029-46d5-ba02-6e35cbf0b066,1,0
63fd2504-c3ab-468a-9247-d3cced326b06,fa22af05-590d-48b6-b065-7318f2e84ea7,قفازات نتريل Bisco,دەستکێشی نیتریل Bisco,قفازات نتريل أصلي من Bisco — جودة عالية وسعر جملة.,دەستکێشی نیتریل ڕەسەن لە Bisco — کوالیتی باش و نرخی کۆ.,Bisco,BISCO-1004,30000.00,37500.00,32,/images/p-gloves.jpg,t,f,2026-08-20 17:12:34.74686+00,2026-08-22 04:25:05.423884+00,7d68f829-9d61-47c4-a843-220357f43486,{},2027-07-21,near_expiry,,B1003,1908fff4-8665-4a5f-8579-caaa03be8d28,1,0
22bc622c-0593-49dc-bfe8-f04b85612b50,51cca89f-6cb4-4656-ae22-354da2f9ed55,جهاز تعقيم Orodeka,ئامێری پاککردنەوە Orodeka,جهاز تعقيم أصلي من Orodeka — جودة عالية وسعر جملة.,ئامێری پاککردنەوە ڕەسەن لە Orodeka — کوالیتی باش و نرخی کۆ.,Orodeka,ORODEKA-1008,38400.00,64800.00,44,/images/p-autoclave.jpg,t,f,2026-08-20 17:12:35.613957+00,2026-08-22 04:25:05.423884+00,e557cc88-e944-46eb-be3b-af73d908508e,{},,outlet,2025-06-21,,b4ed51b0-fcd1-489e-82a1-fffa36fb4b66,1,0
fd35d53d-7774-4ae6-8164-6b08b45b6e27,fa22af05-590d-48b6-b065-7318f2e84ea7,مادة طبعات Orodeka,کەرەستەی داغکردن Orodeka,مادة طبعات أصلي من Orodeka — جودة عالية وسعر جملة.,کەرەستەی داغکردن ڕەسەن لە Orodeka — کوالیتی باش و نرخی کۆ.,Orodeka,ORODEKA-1009,42000.00,67500.00,47,/images/p-composite.jpg,t,f,2026-08-20 17:12:35.613957+00,2026-08-22 04:25:05.423884+00,e557cc88-e944-46eb-be3b-af73d908508e,{bestseller},,outlet,2025-06-21,,7ca1ddb6-0016-43b7-849c-2f0814fe6e04,1,0
89613b1e-c4b4-4f6c-98ca-8d939f384559,fa22af05-590d-48b6-b065-7318f2e84ea7,قفازات نتريل Tokuyama,دەستکێشی نیتریل Tokuyama,قفازات نتريل أصلي من Tokuyama — جودة عالية وسعر جملة.,دەستکێشی نیتریل ڕەسەن لە Tokuyama — کوالیتی باش و نرخی کۆ.,Tokuyama,TOKUYAMA-1004,24000.00,37500.00,32,/images/p-gloves.jpg,t,f,2026-08-20 17:12:34.296482+00,2026-08-22 04:25:05.423884+00,70a07ff3-7043-4af4-a786-ceaff0562092,{},2026-11-21,outlet,2025-06-21,B1001,92827eaa-5621-4bf4-9042-7dcc275d2998,1,0
850c482d-d7ba-4e44-9578-ad519317b26f,e121d991-00b7-414b-9c46-7cee49ca68e4,سمنت زجاجي Bisco,سیمێنتی شووشەیی Bisco,سمنت زجاجي أصلي من Bisco — جودة عالية وسعر جملة.,سیمێنتی شووشەیی ڕەسەن لە Bisco — کوالیتی باش و نرخی کۆ.,Bisco,BISCO-1001,13200.00,20625.00,23,/images/p-cement.jpg,t,t,2026-08-20 17:12:34.74686+00,2026-08-22 04:25:05.423884+00,7d68f829-9d61-47c4-a843-220357f43486,{hot},2026-11-21,outlet,2025-06-21,B1001,99973c47-c06f-40d7-8f38-f408a4f0bb06,1,0
6ca85bef-b8ae-46d3-adb9-9c71e6f71aa5,9f0bd8cc-a30b-44d2-b298-76670f74723a,كمامات طبية Bisco,دەمامکی پزیشکی Bisco,كمامات طبية أصلي من Bisco — جودة عالية وسعر جملة.,دەمامکی پزیشکی ڕەسەن لە Bisco — کوالیتی باش و نرخی کۆ.,Bisco,BISCO-1005,34500.00,43125.00,35,/images/p-masks.jpg,t,f,2026-08-20 17:12:34.74686+00,2026-08-22 04:25:05.423884+00,7d68f829-9d61-47c4-a843-220357f43486,{new},2026-09-21,near_expiry,,B1004,5d61fe34-4841-4fa9-91d2-2b30dcbd08d3,1,0
3cf68e82-38cd-4a22-88b9-5f793bdcb865,51cca89f-6cb4-4656-ae22-354da2f9ed55,جهاز تعقيم 3M,ئامێری پاککردنەوە 3M,جهاز تعقيم أصلي من 3M — جودة عالية وسعر جملة.,ئامێری پاککردنەوە ڕەسەن لە 3M — کوالیتی باش و نرخی کۆ.,3M,3M-1008,48000.00,60000.00,44,/images/p-autoclave.jpg,t,f,2026-08-20 17:12:35.184441+00,2026-08-22 04:25:05.423884+00,9b7ecc92-58ea-4e1a-9b15-541739421ee5,{},2026-11-21,near_expiry,,B1001,edbc5688-2e88-4af0-ba9f-98e9cfaebbe4,1,0
82efdfae-9758-450a-b0d0-f4e74349def6,ba523618-8705-4b72-aa81-52409b0c94f9,لاصق أسنان Orodeka,لینکی ددان Orodeka,لاصق أسنان أصلي من Orodeka — جودة عالية وسعر جملة.,لینکی ددان ڕەسەن لە Orodeka — کوالیتی باش و نرخی کۆ.,Orodeka,ORODEKA-1002,21000.00,26250.00,26,/images/p-curing-light.jpg,t,t,2026-08-20 17:12:35.613957+00,2026-08-22 04:25:05.423884+00,e557cc88-e944-46eb-be3b-af73d908508e,{premium},2026-11-21,near_expiry,,B1001,ede90b00-5396-441f-b9e6-c372d88461be,1,0
c85243c2-3d80-4d93-b6f1-f6c2b2105c23,9f0bd8cc-a30b-44d2-b298-76670f74723a,كومبوزيت حقنة 3M,کۆمپۆزیتی سیرینج 3M,كومبوزيت حقنة أصلي من 3M — جودة عالية وسعر جملة.,کۆمپۆزیتی سیرینج ڕەسەن لە 3M — کوالیتی باش و نرخی کۆ.,3M,3M-1000,9600.00,18000.00,20,/images/p-composite.jpg,t,t,2026-08-20 17:12:35.184441+00,2026-08-22 04:25:05.423884+00,9b7ecc92-58ea-4e1a-9b15-541739421ee5,{discount},2027-02-21,outlet,2025-06-21,B1002,d1914c42-003a-4e5e-ae71-7e3c0bb07800,1,0
7443afa2-16d7-4e88-9e1c-4f11795374d7,e121d991-00b7-414b-9c46-7cee49ca68e4,سمنت زجاجي 3M,سیمێنتی شووشەیی 3M,سمنت زجاجي أصلي من 3M — جودة عالية وسعر جملة.,سیمێنتی شووشەیی ڕەسەن لە 3M — کوالیتی باش و نرخی کۆ.,3M,3M-1001,13200.00,20625.00,23,/images/p-cement.jpg,t,t,2026-08-20 17:12:35.184441+00,2026-08-22 04:25:05.423884+00,9b7ecc92-58ea-4e1a-9b15-541739421ee5,{hot},2027-07-21,outlet,2025-06-21,B1003,7f2db113-0a23-469a-a0d2-e443769d9b9a,1,0
81cac50f-5312-44fb-8fc0-6d018030b00f,fa22af05-590d-48b6-b065-7318f2e84ea7,قفازات نتريل Orodeka,دەستکێشی نیتریل Orodeka,قفازات نتريل أصلي من Orodeka — جودة عالية وسعر جملة.,دەستکێشی نیتریل ڕەسەن لە Orodeka — کوالیتی باش و نرخی کۆ.,Orodeka,ORODEKA-1004,30000.00,37500.00,32,/images/p-gloves.jpg,t,f,2026-08-20 17:12:35.613957+00,2026-08-22 04:25:05.423884+00,e557cc88-e944-46eb-be3b-af73d908508e,{},2027-07-21,near_expiry,,B1003,e51c61f4-c5d5-469d-b269-726a4102407e,1,0
c1bb8481-f4ea-4374-aab6-274773ef48a7,9f0bd8cc-a30b-44d2-b298-76670f74723a,كمامات طبية Orodeka,دەمامکی پزیشکی Orodeka,كمامات طبية أصلي من Orodeka — جودة عالية وسعر جملة.,دەمامکی پزیشکی ڕەسەن لە Orodeka — کوالیتی باش و نرخی کۆ.,Orodeka,ORODEKA-1005,34500.00,43125.00,35,/images/p-masks.jpg,t,f,2026-08-20 17:12:35.613957+00,2026-08-22 04:25:05.423884+00,e557cc88-e944-46eb-be3b-af73d908508e,{new},2026-09-21,near_expiry,,B1004,2cce498d-dcba-43e5-abc9-824f2d59eaa4,1,0
b252628e-2bb0-411f-a729-c422c5903fb2,ba523618-8705-4b72-aa81-52409b0c94f9,لاصق أسنان Tokuyama,لینکی ددان Tokuyama,لاصق أسنان أصلي من Tokuyama — جودة عالية وسعر جملة.,لینکی ددان ڕەسەن لە Tokuyama — کوالیتی باش و نرخی کۆ.,Tokuyama,TOKUYAMA-1002,16800.00,28350.00,26,/images/p-curing-light.jpg,t,t,2026-08-20 17:12:34.296482+00,2026-08-22 04:25:05.423884+00,70a07ff3-7043-4af4-a786-ceaff0562092,{premium},,outlet,2025-06-21,,8e4ee82a-fca9-4144-b8ee-24c1edc382d5,1,0
ff7fea9b-16cc-45bd-840e-ca3319d2c05a,51cca89f-6cb4-4656-ae22-354da2f9ed55,مثقب ألماسي Tokuyama,بۆری ئەڵماس Tokuyama,مثقب ألماسي أصلي من Tokuyama — جودة عالية وسعر جملة.,بۆری ئەڵماس ڕەسەن لە Tokuyama — کوالیتی باش و نرخی کۆ.,Tokuyama,TOKUYAMA-1003,20400.00,34500.00,29,/images/p-instruments-set.jpg,t,f,2026-08-20 17:12:34.296482+00,2026-08-22 04:25:05.423884+00,70a07ff3-7043-4af4-a786-ceaff0562092,{special},,outlet,2025-06-21,,88b4f451-b34a-4cb2-91ab-b3dc702d1879,1,0
a732c7ce-0b4c-4e75-8c6a-9d5658afbdc1,51cca89f-6cb4-4656-ae22-354da2f9ed55,جهاز تعقيم Bisco,ئامێری پاککردنەوە Bisco,جهاز تعقيم أصلي من Bisco — جودة عالية وسعر جملة.,ئامێری پاککردنەوە ڕەسەن لە Bisco — کوالیتی باش و نرخی کۆ.,Bisco,BISCO-1008,38400.00,64800.00,44,/images/p-autoclave.jpg,t,f,2026-08-20 17:12:34.74686+00,2026-08-22 04:25:05.423884+00,7d68f829-9d61-47c4-a843-220357f43486,{},,outlet,2025-06-21,,47dfffba-4c88-4506-90fe-42e97d222fee,1,0
1641a257-1caf-4b6c-9e44-33e41588c2e8,fa22af05-590d-48b6-b065-7318f2e84ea7,مادة طبعات Bisco,کەرەستەی داغکردن Bisco,مادة طبعات أصلي من Bisco — جودة عالية وسعر جملة.,کەرەستەی داغکردن ڕەسەن لە Bisco — کوالیتی باش و نرخی کۆ.,Bisco,BISCO-1009,42000.00,67500.00,47,/images/p-composite.jpg,t,f,2026-08-20 17:12:34.74686+00,2026-08-22 04:25:05.423884+00,7d68f829-9d61-47c4-a843-220357f43486,{bestseller},,outlet,2025-06-21,,535b16b7-0b5c-42c4-ad18-59d3e3c03362,1,0
9b558252-9a1a-4289-b136-05fdaaea3459,ba523618-8705-4b72-aa81-52409b0c94f9,لاصق أسنان 3M,لینکی ددان 3M,لاصق أسنان أصلي من 3M — جودة عالية وسعر جملة.,لینکی ددان ڕەسەن لە 3M — کوالیتی باش و نرخی کۆ.,3M,3M-1002,16800.00,26250.00,26,/images/p-curing-light.jpg,t,t,2026-08-20 17:12:35.184441+00,2026-08-22 04:25:05.423884+00,9b7ecc92-58ea-4e1a-9b15-541739421ee5,{premium},2026-09-21,outlet,2025-06-21,B1004,bcc9b822-cb07-4aed-8367-af484328aa61,1,0
a1a144c6-d8e2-4c95-b900-414413d478ad,51cca89f-6cb4-4656-ae22-354da2f9ed55,مثقب ألماسي Orodeka,بۆری ئەڵماس Orodeka,مثقب ألماسي أصلي من Orodeka — جودة عالية وسعر جملة.,بۆری ئەڵماس ڕەسەن لە Orodeka — کوالیتی باش و نرخی کۆ.,Orodeka,ORODEKA-1003,20400.00,34500.00,29,/images/p-instruments-set.jpg,t,f,2026-08-20 17:12:35.613957+00,2026-08-22 04:25:05.423884+00,e557cc88-e944-46eb-be3b-af73d908508e,{special},2027-02-21,outlet,2025-06-21,B1002,57f8c331-3410-43e1-836a-c7db835e0f0c,1,0
