id,vendor_id,user_id,created_at
1c457202-4f95-4d21-b917-650d21fe2572,5581377c-f475-42e6-a8ce-89e64a1c95ba,d141cf10-e9e0-4c2f-b43b-c58eca7a6abb,2026-08-20 05:43:20.859238+00
4892a6f9-cfc5-4faf-8919-86477e58150c,5581377c-f475-42e6-a8ce-89e64a1c95ba,14a0871e-fef0-4831-9c47-1f0c7d8be679,2026-08-20 05:46:17.06985+00
60ddfbb4-4f79-485e-a6d3-5a04d74dd730,8c5cef4e-2041-4f96-8cdd-d37b8c1b423a,530bd01a-44e9-4239-ad25-83623c03c15d,2026-08-20 17:12:21.367472+00
d6d8858e-8434-428e-acc3-4ecbe996ffe6,70a07ff3-7043-4af4-a786-ceaff0562092,75e98c53-c3c1-4408-9ebf-8f40496f3a70,2026-08-20 17:12:22.135738+00
a7802274-3ade-462d-b0be-b20bcc60b844,7d68f829-9d61-47c4-a843-220357f43486,2bb87a53-ddde-437a-b009-32d1e0094ae3,2026-08-20 17:12:22.812764+00
a0755068-5b86-44e2-b13f-10575209211b,9b7ecc92-58ea-4e1a-9b15-541739421ee5,08154630-0372-485b-a7c1-92e4b39fdfd1,2026-08-20 17:12:23.452347+00
bbd181f7-a652-487a-b132-dc0ef614c7a3,e557cc88-e944-46eb-be3b-af73d908508e,8d4a489a-d01b-41e6-b137-4d54fec1490e,2026-08-20 17:12:35.537846+00
fe3499ea-fc8a-469c-851e-fb167abedeaf,333bb552-dea6-40df-9288-4b8591f57d06,12a6e612-65cc-4939-aa4b-7cb49d42bd14,2026-08-22 10:14:39.158526+00
4a24ac53-cd58-48e3-88b4-2121fde865f6,dcc9e02a-13d1-4fcb-a344-4a68463d0a56,482cc395-10b3-403f-a565-0415a881d4b8,2026-08-22 10:29:16.400536+00
